true_labels,predicted_labels,max_probability,prob_no_purchase,prob_purchase
0,0,0.99923944,0.99923944,0.0007605253
0,0,0.98893845,0.98893845,0.011061524
1,1,0.9727098,0.027290244,0.9727098
0,0,0.9993575,0.9993575,0.00064242666
0,0,0.99785346,0.99785346,0.0021465335
0,0,0.9992373,0.9992373,0.0007626655
1,0,0.95065325,0.95065325,0.04934681
0,0,0.87848264,0.87848264,0.12151729
0,0,0.9864161,0.9864161,0.013583868
0,0,0.96737266,0.96737266,0.032627266
1,1,0.9671788,0.032821212,0.9671788
1,1,0.906876,0.09312399,0.906876
0,0,0.9990472,0.9990472,0.00095271994
0,0,0.99876994,0.99876994,0.001229998
0,0,0.90399176,0.90399176,0.096008234
0,0,0.99928695,0.99928695,0.0007130566
0,1,0.5588022,0.44119775,0.5588022
0,0,0.97724736,0.97724736,0.022752644
1,1,0.6526147,0.34738532,0.6526147
0,0,0.97668016,0.97668016,0.02331989
0,1,0.6897666,0.3102334,0.6897666
1,1,0.9410626,0.0589373,0.9410626
0,0,0.9314891,0.9314891,0.06851087
0,0,0.9813782,0.9813782,0.018621838
0,0,0.99587303,0.99587303,0.004126997
0,0,0.99734265,0.99734265,0.0026573555
1,0,0.9886552,0.9886552,0.011344824
0,0,0.99935347,0.99935347,0.00064649957
0,0,0.9628922,0.9628922,0.037107754
0,0,0.98923486,0.98923486,0.010765142
0,0,0.9993749,0.9993749,0.0006251176
1,1,0.93143624,0.06856374,0.93143624
0,0,0.9992411,0.9992411,0.00075890217
1,0,0.7625385,0.7625385,0.23746148
0,0,0.99712914,0.99712914,0.002870902
0,0,0.9993789,0.9993789,0.0006210397
0,0,0.999141,0.999141,0.00085903896
0,0,0.5038942,0.5038942,0.4961058
0,0,0.99870944,0.99870944,0.0012905883
0,0,0.96053505,0.96053505,0.039464965
0,0,0.9986534,0.9986534,0.0013465463
0,0,0.99921715,0.99921715,0.00078285375
1,1,0.8262262,0.17377384,0.8262262
1,0,0.9610965,0.9610965,0.038903497
0,0,0.55645007,0.55645007,0.44355
0,0,0.6055283,0.6055283,0.3944717
0,0,0.7761413,0.7761413,0.22385868
1,1,0.9129257,0.087074295,0.9129257
0,0,0.99901366,0.99901366,0.0009862919
0,1,0.80762136,0.19237867,0.80762136
0,0,0.99920803,0.99920803,0.0007920137
0,0,0.9993487,0.9993487,0.00065127754
0,0,0.99933547,0.99933547,0.0006645553
1,1,0.98238593,0.0176141,0.98238593
0,0,0.99931705,0.99931705,0.00068293785
0,0,0.9840524,0.9840524,0.015947616
0,0,0.9993824,0.9993824,0.0006175784
0,0,0.5413574,0.5413574,0.45864263
0,0,0.99934584,0.99934584,0.00065416895
1,0,0.64196837,0.64196837,0.3580316
1,1,0.9543077,0.045692258,0.9543077
1,0,0.7471017,0.7471017,0.2528983
1,1,0.8952139,0.10478614,0.8952139
0,0,0.9987429,0.9987429,0.0012571621
0,0,0.9993869,0.9993869,0.00061304524
0,0,0.9467427,0.9467427,0.05325726
0,0,0.96078366,0.96078366,0.03921631
0,0,0.99916816,0.99916816,0.0008318094
0,0,0.9990288,0.9990288,0.0009711656
0,0,0.86692876,0.86692876,0.13307129
0,0,0.99163944,0.99163944,0.008360576
0,0,0.6068386,0.6068386,0.39316136
0,0,0.99936897,0.99936897,0.00063101185
0,0,0.6328315,0.6328315,0.36716846
0,0,0.9125961,0.9125961,0.08740386
0,0,0.9992884,0.9992884,0.00071169966
0,0,0.9900328,0.9900328,0.009967221
0,0,0.99922645,0.99922645,0.00077349774
0,0,0.99276453,0.99276453,0.007235462
0,0,0.99937963,0.99937963,0.0006203946
0,0,0.9394028,0.9394028,0.060597178
1,1,0.8069869,0.19301306,0.8069869
0,0,0.5145386,0.5145386,0.48546144
0,0,0.9694578,0.9694578,0.030542165
0,0,0.99938357,0.99938357,0.00061635004
0,0,0.998184,0.998184,0.001815903
0,0,0.7218029,0.7218029,0.27819705
0,0,0.9783991,0.9783991,0.021600846
1,0,0.9091911,0.9091911,0.09080894
0,0,0.99925846,0.99925846,0.00074152177
0,0,0.99116737,0.99116737,0.008832707
1,1,0.5818505,0.41814944,0.5818505
0,0,0.99934345,0.99934345,0.00065659
0,0,0.96855885,0.96855885,0.03144108
0,0,0.9705207,0.9705207,0.029479304
0,0,0.8288375,0.8288375,0.17116252
0,0,0.77947855,0.77947855,0.2205214
0,0,0.97285616,0.97285616,0.027143836
0,0,0.79519975,0.79519975,0.20480028
0,0,0.94318825,0.94318825,0.056811757
0,0,0.61335444,0.61335444,0.38664556
0,0,0.94347817,0.94347817,0.05652182
0,0,0.9990326,0.9990326,0.00096744957
0,0,0.9973571,0.9973571,0.0026429498
0,0,0.9659801,0.9659801,0.0340199
0,0,0.9916312,0.9916312,0.008368852
0,0,0.99901617,0.99901617,0.0009838504
0,0,0.73260367,0.73260367,0.26739627
0,0,0.9991516,0.9991516,0.00084844575
0,0,0.9939976,0.9939976,0.0060023977
0,0,0.99701476,0.99701476,0.0029852334
0,0,0.82386893,0.82386893,0.17613104
0,0,0.9993562,0.9993562,0.00064382976
0,1,0.526386,0.47361398,0.526386
0,0,0.98088235,0.98088235,0.01911767
0,1,0.50159127,0.49840876,0.50159127
0,0,0.6952723,0.6952723,0.30472764
0,0,0.9987902,0.9987902,0.0012097901
1,0,0.94104,0.94104,0.058960054
1,1,0.9891317,0.010868397,0.9891317
0,0,0.99220216,0.99220216,0.0077978056
0,1,0.76022923,0.23977077,0.76022923
0,0,0.99934703,0.99934703,0.00065299356
0,0,0.8395025,0.8395025,0.16049743
0,0,0.9993381,0.9993381,0.00066191406
0,0,0.99933237,0.99933237,0.0006676526
0,0,0.99929535,0.99929535,0.00070468266
0,0,0.99937975,0.99937975,0.00062026357
0,0,0.9692863,0.9692863,0.030713689
0,0,0.99923086,0.99923086,0.0007691974
0,0,0.9842754,0.9842754,0.015724612
0,0,0.9855913,0.9855913,0.014408742
0,0,0.9947009,0.9947009,0.00529916
0,0,0.99905604,0.99905604,0.00094396586
0,0,0.98016787,0.98016787,0.019832175
1,0,0.59331536,0.59331536,0.4066847
0,0,0.60713387,0.60713387,0.3928662
0,0,0.97463155,0.97463155,0.025368387
0,0,0.99686676,0.99686676,0.0031332555
0,0,0.99758434,0.99758434,0.002415658
0,0,0.9750547,0.9750547,0.02494534
0,0,0.8611153,0.8611153,0.13888468
0,0,0.99936694,0.99936694,0.00063303637
0,0,0.99935156,0.99935156,0.0006483877
0,0,0.99323976,0.99323976,0.0067602773
0,1,0.8253411,0.1746589,0.8253411
0,0,0.99656713,0.99656713,0.003432901
0,0,0.99928856,0.99928856,0.0007114588
0,0,0.961414,0.961414,0.038585994
0,1,0.5405515,0.4594485,0.5405515
1,0,0.8696495,0.8696495,0.13035049
0,0,0.9834989,0.9834989,0.01650118
0,0,0.99569917,0.99569917,0.004300817
1,0,0.9674058,0.9674058,0.032594167
0,0,0.99936634,0.99936634,0.00063367444
0,0,0.9299324,0.9299324,0.07006753
0,0,0.9992668,0.9992668,0.00073315174
0,0,0.99927825,0.99927825,0.00072178734
0,0,0.9993674,0.9993674,0.000632645
0,0,0.99805105,0.99805105,0.0019489959
1,1,0.9646347,0.035365317,0.9646347
0,0,0.8545891,0.8545891,0.1454109
0,0,0.9076499,0.9076499,0.09235012
0,0,0.9977762,0.9977762,0.002223808
0,0,0.99915147,0.99915147,0.00084853225
0,1,0.7895473,0.21045265,0.7895473
0,0,0.90368384,0.90368384,0.09631616
1,1,0.79314667,0.20685327,0.79314667
0,0,0.9992455,0.9992455,0.0007544682
0,0,0.9990792,0.9990792,0.00092071487
0,0,0.97397214,0.97397214,0.026027821
0,0,0.9603183,0.9603183,0.03968168
0,0,0.9993498,0.9993498,0.00065024494
0,0,0.99916553,0.99916553,0.0008344304
0,0,0.9993274,0.9993274,0.0006725999
0,0,0.9157431,0.9157431,0.08425694
1,1,0.7333095,0.26669055,0.7333095
0,0,0.94591844,0.94591844,0.054081522
1,1,0.8591667,0.14083336,0.8591667
1,1,0.8339703,0.1660297,0.8339703
0,0,0.9993788,0.9993788,0.00062111305
0,0,0.99936754,0.99936754,0.0006324526
0,0,0.9993861,0.9993861,0.0006138833
0,0,0.99923086,0.99923086,0.00076914823
0,0,0.95883656,0.95883656,0.041163467
0,0,0.80397844,0.80397844,0.19602159
0,0,0.922714,0.922714,0.077286005
0,0,0.98860824,0.98860824,0.011391689
0,0,0.95030236,0.95030236,0.049697638
0,0,0.9993104,0.9993104,0.00068960624
0,0,0.9992962,0.9992962,0.0007038081
0,0,0.999342,0.999342,0.00065801357
1,1,0.98254955,0.017450446,0.98254955
0,0,0.9527493,0.9527493,0.047250655
1,1,0.7185704,0.2814296,0.7185704
0,0,0.9993174,0.9993174,0.0006826157
0,0,0.96089095,0.96089095,0.03910901
0,0,0.9992311,0.9992311,0.00076889136
0,0,0.78989595,0.78989595,0.21010402
0,1,0.7933864,0.2066136,0.7933864
0,0,0.956928,0.956928,0.043071937
0,0,0.99931085,0.99931085,0.00068916444
1,1,0.880439,0.11956097,0.880439
1,1,0.69622976,0.30377024,0.69622976
0,0,0.99939346,0.99939346,0.00060649315
0,0,0.99920815,0.99920815,0.0007918447
1,0,0.93638134,0.93638134,0.06361863
0,0,0.95636475,0.95636475,0.0436353
0,0,0.9993223,0.9993223,0.00067772716
0,0,0.99294585,0.99294585,0.0070541226
0,0,0.99831414,0.99831414,0.0016859183
0,0,0.99903476,0.99903476,0.0009653154
0,0,0.75455487,0.75455487,0.24544513
0,0,0.99933124,0.99933124,0.0006687852
0,0,0.93642247,0.93642247,0.063577585
1,1,0.97372025,0.026279755,0.97372025
0,0,0.99912626,0.99912626,0.0008737822
0,0,0.9993492,0.9993492,0.00065076
0,0,0.9993673,0.9993673,0.00063272397
0,0,0.9530576,0.9530576,0.046942454
0,0,0.99919015,0.99919015,0.0008098273
1,0,0.77719456,0.77719456,0.22280549
0,0,0.9993443,0.9993443,0.00065569417
0,0,0.9663521,0.9663521,0.033647846
0,0,0.9870604,0.9870604,0.0129395835
0,0,0.93920183,0.93920183,0.060798112
0,0,0.99925643,0.99925643,0.0007435959
0,0,0.9835157,0.9835157,0.016484348
0,0,0.9993625,0.9993625,0.00063753995
0,0,0.9993554,0.9993554,0.0006445797
0,0,0.92946565,0.92946565,0.070534326
0,0,0.9992306,0.9992306,0.0007693755
0,0,0.89963406,0.89963406,0.10036593
0,0,0.9993519,0.9993519,0.00064809463
0,1,0.53979254,0.46020743,0.53979254
0,0,0.9576087,0.9576087,0.042391304
0,1,0.8148098,0.18519016,0.8148098
0,0,0.7157229,0.7157229,0.28427708
0,0,0.9991027,0.9991027,0.0008973249
0,0,0.9982729,0.9982729,0.0017270376
0,0,0.98626596,0.98626596,0.013734052
0,0,0.87733454,0.87733454,0.12266549
0,0,0.92723083,0.92723083,0.07276915
0,0,0.97861665,0.97861665,0.02138334
0,0,0.9993525,0.9993525,0.0006474436
1,1,0.54332006,0.45667994,0.54332006
1,0,0.6588398,0.6588398,0.34116015
0,0,0.8500559,0.8500559,0.1499441
0,0,0.95189434,0.95189434,0.048105624
0,1,0.55136526,0.44863477,0.55136526
0,0,0.92300236,0.92300236,0.07699763
0,0,0.95397735,0.95397735,0.04602268
0,0,0.9605162,0.9605162,0.039483823
0,0,0.99914646,0.99914646,0.00085349043
0,0,0.9933523,0.9933523,0.006647684
0,0,0.9982753,0.9982753,0.0017247078
0,0,0.99790025,0.99790025,0.0020997731
0,0,0.84018147,0.84018147,0.1598185
0,0,0.9751814,0.9751814,0.02481858
1,0,0.8490379,0.8490379,0.15096208
0,0,0.9992092,0.9992092,0.00079080975
0,0,0.9991696,0.9991696,0.00083039666
1,0,0.50861585,0.50861585,0.49138415
0,0,0.999385,0.999385,0.0006149779
1,0,0.69209397,0.69209397,0.307906
0,0,0.91564256,0.91564256,0.08435749
0,0,0.9992398,0.9992398,0.000760217
0,0,0.9993223,0.9993223,0.00067766773
0,0,0.98532367,0.98532367,0.014676386
0,0,0.9992285,0.9992285,0.0007714811
0,0,0.95513904,0.95513904,0.04486096
0,0,0.96700245,0.96700245,0.03299756
0,0,0.99897987,0.99897987,0.0010200843
1,1,0.78087837,0.21912159,0.78087837
0,0,0.99929893,0.99929893,0.0007010388
0,0,0.9157582,0.9157582,0.08424184
1,1,0.82637125,0.17362876,0.82637125
0,0,0.99877065,0.99877065,0.0012292712
0,0,0.9742706,0.9742706,0.025729377
0,0,0.99663,0.99663,0.0033699274
0,0,0.7038682,0.7038682,0.2961318
0,0,0.998401,0.998401,0.0015989854
0,0,0.9992217,0.9992217,0.00077830814
1,1,0.97685367,0.023146328,0.97685367
0,0,0.99922216,0.99922216,0.0007778718
1,1,0.7934358,0.20656419,0.7934358
0,0,0.9022988,0.9022988,0.09770122
0,0,0.9993642,0.9993642,0.00063582475
1,1,0.98578185,0.014218195,0.98578185
0,0,0.99927956,0.99927956,0.0007204239
0,0,0.99924004,0.99924004,0.0007599631
0,0,0.99934715,0.99934715,0.00065278815
0,0,0.99620914,0.99620914,0.0037908559
0,0,0.7382276,0.7382276,0.26177242
0,0,0.95033133,0.95033133,0.0496687
0,0,0.99905354,0.99905354,0.00094642397
1,0,0.581655,0.581655,0.41834497
1,1,0.8622633,0.1377367,0.8622633
1,1,0.9141746,0.085825354,0.9141746
0,0,0.99937916,0.99937916,0.0006208722
0,1,0.61014795,0.38985205,0.61014795
0,0,0.97174406,0.97174406,0.028255899
0,0,0.9992698,0.9992698,0.00073018915
1,0,0.5767424,0.5767424,0.42325753
0,0,0.99902487,0.99902487,0.0009750847
0,0,0.99928397,0.99928397,0.00071600784
0,0,0.9992637,0.9992637,0.0007363103
1,0,0.54841614,0.54841614,0.45158386
0,0,0.9993333,0.9993333,0.0006666903
0,0,0.999321,0.999321,0.0006789771
0,0,0.9992093,0.9992093,0.0007906627
0,0,0.59174925,0.59174925,0.40825078
0,0,0.9656416,0.9656416,0.034358405
0,0,0.9993024,0.9993024,0.00069757656
0,0,0.99934286,0.99934286,0.00065713085
0,0,0.8939888,0.8939888,0.10601122
0,1,0.6093623,0.39063776,0.6093623
1,0,0.97887814,0.97887814,0.021121891
0,0,0.99933845,0.99933845,0.0006614751
1,1,0.7445398,0.25546017,0.7445398
0,0,0.99933416,0.99933416,0.0006657714
0,0,0.9740302,0.9740302,0.025969857
0,0,0.9993292,0.9993292,0.000670865
1,1,0.58753633,0.4124636,0.58753633
0,0,0.99935704,0.99935704,0.0006429983
0,0,0.999196,0.999196,0.0008040331
0,0,0.99930716,0.99930716,0.000692809
0,0,0.99562365,0.99562365,0.0043763947
0,0,0.9993106,0.9993106,0.0006893694
0,0,0.99933606,0.99933606,0.0006639219
0,0,0.999188,0.999188,0.0008120215
0,0,0.9607354,0.9607354,0.039264623
0,0,0.9988269,0.9988269,0.0011730673
0,0,0.9988531,0.9988531,0.0011469203
0,0,0.9985392,0.9985392,0.0014607871
0,0,0.7951059,0.7951059,0.2048941
0,0,0.99914587,0.99914587,0.0008541422
0,0,0.9868646,0.9868646,0.013135401
0,0,0.99787056,0.99787056,0.002129435
0,0,0.9990446,0.9990446,0.00095536496
0,1,0.5750025,0.42499745,0.5750025
0,0,0.9530125,0.9530125,0.04698743
0,0,0.9990865,0.9990865,0.00091353024
0,0,0.94855064,0.94855064,0.051449336
0,0,0.9546198,0.9546198,0.045380212
0,0,0.9538686,0.9538686,0.046131328
0,0,0.933042,0.933042,0.06695805
0,0,0.76313627,0.76313627,0.23686378
0,0,0.999315,0.999315,0.00068497873
0,0,0.976497,0.976497,0.023503028
0,0,0.838721,0.838721,0.16127901
0,0,0.970981,0.970981,0.029019032
1,1,0.572306,0.42769405,0.572306
0,0,0.99907327,0.99907327,0.0009267543
0,0,0.98706716,0.98706716,0.012932817
0,0,0.9455658,0.9455658,0.054434184
0,0,0.55723155,0.55723155,0.4427685
0,0,0.85080165,0.85080165,0.14919834
0,0,0.95544344,0.95544344,0.044556603
0,0,0.9992618,0.9992618,0.00073822064
0,0,0.99929595,0.99929595,0.0007039895
0,0,0.9992993,0.9992993,0.0007007549
1,1,0.5449234,0.4550766,0.5449234
0,0,0.9992924,0.9992924,0.0007075617
0,0,0.7241283,0.7241283,0.27587163
0,1,0.6264941,0.37350595,0.6264941
0,0,0.9741589,0.9741589,0.025841083
1,1,0.76389986,0.23610018,0.76389986
0,0,0.999283,0.999283,0.00071705406
0,0,0.9992157,0.9992157,0.00078428857
0,0,0.9991561,0.9991561,0.0008438886
0,0,0.9982603,0.9982603,0.0017397272
0,0,0.99636406,0.99636406,0.003636016
0,0,0.9912082,0.9912082,0.008791778
0,0,0.99907863,0.99907863,0.0009213283
0,0,0.99936694,0.99936694,0.00063309615
0,0,0.9991054,0.9991054,0.0008946161
0,0,0.99784493,0.99784493,0.0021551012
0,0,0.988976,0.988976,0.011024
0,0,0.74495184,0.74495184,0.25504816
0,0,0.99585944,0.99585944,0.0041405973
0,0,0.99924695,0.99924695,0.0007530575
1,0,0.5007339,0.5007339,0.4992661
0,0,0.9126968,0.9126968,0.087303266
0,1,0.8255914,0.17440858,0.8255914
0,0,0.99602145,0.99602145,0.0039785705
0,0,0.9993241,0.9993241,0.00067593495
0,0,0.99023306,0.99023306,0.009766885
1,1,0.7189552,0.28104478,0.7189552
1,1,0.83818054,0.16181949,0.83818054
0,0,0.9394889,0.9394889,0.060511123
0,0,0.99888736,0.99888736,0.0011126386
0,0,0.5477307,0.5477307,0.45226938
0,0,0.9724505,0.9724505,0.027549542
0,0,0.92008597,0.92008597,0.079914026
0,0,0.99912924,0.99912924,0.00087077176
1,1,0.50425875,0.49574125,0.50425875
0,0,0.9985769,0.9985769,0.001423081
0,1,0.5174664,0.4825336,0.5174664
1,0,0.8003236,0.8003236,0.19967636
1,1,0.9342654,0.065734625,0.9342654
0,0,0.99929166,0.99929166,0.00070827384
1,1,0.9607804,0.039219636,0.9607804
0,0,0.9985045,0.9985045,0.0014954767
0,0,0.9993818,0.9993818,0.00061814993
1,1,0.5904548,0.40954518,0.5904548
0,0,0.9963253,0.9963253,0.0036746715
0,0,0.99907506,0.99907506,0.0009249574
0,0,0.9990938,0.9990938,0.0009062073
0,1,0.534616,0.46538407,0.534616
0,0,0.78138065,0.78138065,0.21861936
0,0,0.9993581,0.9993581,0.0006418968
0,0,0.99936694,0.99936694,0.0006330207
1,1,0.5371142,0.46288583,0.5371142
0,0,0.9145332,0.9145332,0.08546678
0,0,0.9192292,0.9192292,0.080770776
0,0,0.9990398,0.9990398,0.0009601787
1,1,0.66855884,0.33144113,0.66855884
0,0,0.99931645,0.99931645,0.00068354467
0,0,0.99710363,0.99710363,0.0028963762
0,0,0.9992773,0.9992773,0.0007227251
0,0,0.9426377,0.9426377,0.057362366
0,0,0.9990947,0.9990947,0.0009053297
0,0,0.9983368,0.9983368,0.0016631315
0,0,0.99931157,0.99931157,0.0006884039
0,0,0.9993297,0.9993297,0.0006703355
0,0,0.9992812,0.9992812,0.0007188261
0,0,0.7516176,0.7516176,0.2483824
0,1,0.76099205,0.23900793,0.76099205
0,0,0.9689775,0.9689775,0.031022457
0,0,0.99165463,0.99165463,0.008345346
0,0,0.99918324,0.99918324,0.0008167755
0,0,0.9993436,0.9993436,0.00065639033
0,0,0.99931633,0.99931633,0.0006836483
0,0,0.9992686,0.9992686,0.0007314274
0,0,0.7653538,0.7653538,0.23464628
0,0,0.9993869,0.9993869,0.0006130654
0,0,0.9982559,0.9982559,0.001744139
0,0,0.9230528,0.9230528,0.076947205
1,0,0.93319726,0.93319726,0.066802725
0,0,0.9992741,0.9992741,0.000725919
0,0,0.99832076,0.99832076,0.0016791805
0,0,0.965979,0.965979,0.034020975
0,0,0.99855524,0.99855524,0.0014447462
0,0,0.95583886,0.95583886,0.0441612
0,1,0.52880627,0.4711937,0.52880627
0,0,0.9961541,0.9961541,0.0038458544
1,1,0.7227131,0.27728686,0.7227131
1,1,0.8835562,0.11644376,0.8835562
0,0,0.99939406,0.99939406,0.00060591835
0,0,0.9992441,0.9992441,0.0007559371
0,0,0.9988312,0.9988312,0.0011687863
0,0,0.9975752,0.9975752,0.0024248012
0,0,0.93683153,0.93683153,0.06316843
0,0,0.99936897,0.99936897,0.0006310347
1,0,0.76397187,0.76397187,0.2360282
0,0,0.9597843,0.9597843,0.040215686
0,0,0.96721375,0.96721375,0.032786313
0,0,0.9993223,0.9993223,0.0006777172
0,0,0.996637,0.996637,0.0033629506
1,1,0.68856466,0.3114354,0.68856466
1,1,0.9610838,0.038916174,0.9610838
0,0,0.92257804,0.92257804,0.07742196
0,0,0.99920136,0.99920136,0.00079867675
0,0,0.99709916,0.99709916,0.0029008992
0,0,0.73015606,0.73015606,0.26984397
1,1,0.7633046,0.23669545,0.7633046
0,0,0.9278582,0.9278582,0.07214187
0,0,0.9215179,0.9215179,0.078482114
0,0,0.8842434,0.8842434,0.11575651
0,0,0.9992761,0.9992761,0.00072396564
0,0,0.99933404,0.99933404,0.00066592
0,0,0.8857948,0.8857948,0.11420518
0,1,0.81633496,0.18366505,0.81633496
0,1,0.5407045,0.45929554,0.5407045
0,0,0.9983664,0.9983664,0.0016335658
0,0,0.9584874,0.9584874,0.04151264
0,0,0.93595374,0.93595374,0.06404628
0,0,0.9992899,0.9992899,0.0007101122
0,0,0.99937916,0.99937916,0.0006208722
1,0,0.8724615,0.8724615,0.12753852
0,0,0.97231364,0.97231364,0.02768629
0,0,0.9414855,0.9414855,0.058514416
0,0,0.999286,0.999286,0.0007140726
0,0,0.9491243,0.9491243,0.050875686
0,0,0.9992575,0.9992575,0.000742499
0,0,0.97246796,0.97246796,0.027532019
0,0,0.9715827,0.9715827,0.028417265
0,0,0.97462296,0.97462296,0.025377024
0,0,0.84275895,0.84275895,0.15724102
0,0,0.9171866,0.9171866,0.08281338
0,0,0.86669075,0.86669075,0.13330925
0,0,0.9748849,0.9748849,0.025115041
0,0,0.99906975,0.99906975,0.0009302385
1,0,0.7358284,0.7358284,0.2641716
0,0,0.82232505,0.82232505,0.17767495
0,0,0.9993094,0.9993094,0.00069058884
0,0,0.9993724,0.9993724,0.0006276171
1,0,0.9801601,0.9801601,0.019839887
1,1,0.70868033,0.2913197,0.70868033
1,1,0.80618215,0.19381788,0.80618215
0,0,0.90011007,0.90011007,0.099889904
0,0,0.99934727,0.99934727,0.00065268367
0,0,0.99931633,0.99931633,0.00068372005
0,1,0.6077972,0.39220276,0.6077972
1,1,0.5210076,0.47899237,0.5210076
0,0,0.99931884,0.99931884,0.0006811525
0,0,0.9991911,0.9991911,0.00080892956
0,0,0.9950117,0.9950117,0.0049882825
0,0,0.6342079,0.6342079,0.36579216
0,0,0.8944683,0.8944683,0.10553168
0,0,0.99938023,0.99938023,0.00061977253
1,0,0.9160016,0.9160016,0.083998375
0,0,0.98587054,0.98587054,0.014129466
1,0,0.86234725,0.86234725,0.13765271
1,0,0.57839835,0.57839835,0.42160168
0,0,0.99121934,0.99121934,0.008780673
0,0,0.9685325,0.9685325,0.03146748
0,0,0.9990114,0.9990114,0.0009885319
0,0,0.93785536,0.93785536,0.062144626
1,1,0.8236907,0.17630924,0.8236907
0,0,0.9993444,0.9993444,0.00065562513
0,0,0.9704131,0.9704131,0.02958694
0,0,0.9453027,0.9453027,0.054697208
0,0,0.9965238,0.9965238,0.003476137
0,1,0.69886583,0.3011342,0.69886583
0,0,0.99935955,0.99935955,0.0006404418
0,0,0.9765198,0.9765198,0.023480218
0,0,0.9993117,0.9993117,0.0006882937
0,0,0.99930537,0.99930537,0.00069459004
1,0,0.62267804,0.62267804,0.37732193
0,0,0.9990043,0.9990043,0.0009957127
0,0,0.9727175,0.9727175,0.0272825
1,1,0.5667152,0.43328482,0.5667152
0,0,0.90584004,0.90584004,0.09415997
0,0,0.9993754,0.9993754,0.0006245923
0,0,0.9349478,0.9349478,0.065052226
0,0,0.98651195,0.98651195,0.013488078
0,0,0.9993092,0.9993092,0.00069078564
0,0,0.9962998,0.9962998,0.003700266
0,0,0.963221,0.963221,0.03677903
0,0,0.9993698,0.9993698,0.00063025765
1,1,0.96433884,0.03566117,0.96433884
0,0,0.9984478,0.9984478,0.0015521863
1,0,0.52246034,0.52246034,0.4775396
0,0,0.99134225,0.99134225,0.008657764
0,0,0.99935263,0.99935263,0.00064740353
0,0,0.9993326,0.9993326,0.0006673189
0,0,0.8740446,0.8740446,0.1259554
0,0,0.99937004,0.99937004,0.0006299897
0,0,0.73698145,0.73698145,0.26301855
1,0,0.82014894,0.82014894,0.17985111
0,0,0.9829653,0.9829653,0.017034702
0,0,0.82662296,0.82662296,0.173377
0,0,0.95308876,0.95308876,0.046911243
0,0,0.823007,0.823007,0.17699301
0,0,0.9993326,0.9993326,0.0006673851
0,0,0.9993212,0.9993212,0.0006787766
0,0,0.9993808,0.9993808,0.00061916886
1,0,0.7004533,0.7004533,0.29954675
0,0,0.87452537,0.87452537,0.12547468
0,0,0.9962167,0.9962167,0.0037832789
0,0,0.9979644,0.9979644,0.002035622
0,0,0.8144063,0.8144063,0.18559365
0,0,0.9992607,0.9992607,0.0007392238
1,1,0.9481164,0.05188355,0.9481164
0,0,0.9991805,0.9991805,0.00081952836
0,0,0.99935895,0.99935895,0.00064108975
1,0,0.9269175,0.9269175,0.07308254
0,0,0.5855623,0.5855623,0.41443777
0,0,0.9993242,0.9993242,0.0006757681
0,0,0.8317553,0.8317553,0.16824475
0,0,0.99918884,0.99918884,0.0008111429
1,0,0.7101373,0.7101373,0.28986272
0,0,0.87838393,0.87838393,0.12161605
0,0,0.9777845,0.9777845,0.022215478
0,0,0.99938333,0.99938333,0.000616645
0,1,0.8142858,0.18571416,0.8142858
1,0,0.90885115,0.90885115,0.09114886
0,0,0.9993513,0.9993513,0.0006486337
0,1,0.52513033,0.4748697,0.52513033
1,1,0.6030923,0.39690763,0.6030923
0,0,0.8018495,0.8018495,0.19815044
0,0,0.968745,0.968745,0.031255014
0,0,0.93876606,0.93876606,0.06123389
0,0,0.9502058,0.9502058,0.0497942
0,0,0.99938595,0.99938595,0.00061401416
1,1,0.82772833,0.17227167,0.82772833
0,0,0.92185324,0.92185324,0.07814673
0,0,0.99936265,0.99936265,0.00063735404
0,0,0.9564703,0.9564703,0.04352973
0,0,0.999108,0.999108,0.0008919783
0,0,0.8874915,0.8874915,0.11250845
0,0,0.9910686,0.9910686,0.008931355
0,0,0.9555713,0.9555713,0.04442872
0,0,0.54491913,0.54491913,0.45508093
0,0,0.99933237,0.99933237,0.0006676561
0,1,0.64605767,0.35394233,0.64605767
1,0,0.76871616,0.76871616,0.23128387
0,0,0.999388,0.999388,0.0006119629
0,0,0.9992723,0.9992723,0.0007277619
0,0,0.98469627,0.98469627,0.015303681
0,0,0.9657214,0.9657214,0.0342786
0,0,0.9968387,0.9968387,0.003161274
0,0,0.9993293,0.9993293,0.0006707237
0,0,0.9992305,0.9992305,0.00076954486
0,0,0.9987141,0.9987141,0.0012858736
0,0,0.99925333,0.99925333,0.00074668624
0,0,0.8946757,0.8946757,0.10532435
0,0,0.9992393,0.9992393,0.0007607501
0,0,0.96596974,0.96596974,0.03403021
0,0,0.8676772,0.8676772,0.1323228
1,1,0.5705943,0.42940566,0.5705943
0,0,0.9992994,0.9992994,0.0007006087
0,0,0.9947129,0.9947129,0.005287038
0,0,0.7939463,0.7939463,0.20605369
1,1,0.9614426,0.038557425,0.9614426
0,0,0.9957409,0.9957409,0.004259114
0,0,0.98147833,0.98147833,0.018521639
0,0,0.91881555,0.91881555,0.08118442
0,0,0.99906415,0.99906415,0.0009358556
0,0,0.9675395,0.9675395,0.032460533
0,0,0.9993218,0.9993218,0.0006781804
0,1,0.5532793,0.44672075,0.5532793
0,0,0.899946,0.899946,0.10005397
0,0,0.99817884,0.99817884,0.001821185
0,0,0.9993231,0.9993231,0.00067694
0,0,0.9993376,0.9993376,0.000662418
1,0,0.5940599,0.5940599,0.4059401
0,0,0.99875975,0.99875975,0.0012402856
1,1,0.5406387,0.45936128,0.5406387
1,0,0.95307165,0.95307165,0.04692834
0,0,0.8921756,0.8921756,0.107824355
0,0,0.99936503,0.99936503,0.000635013
0,0,0.998762,0.998762,0.0012379857
0,0,0.9386175,0.9386175,0.061382495
0,0,0.999387,0.999387,0.00061301346
1,1,0.97850215,0.021497821,0.97850215
1,1,0.7492465,0.2507535,0.7492465
0,0,0.99920255,0.99920255,0.0007974618
0,0,0.9812686,0.9812686,0.018731464
0,0,0.9993125,0.9993125,0.00068745593
0,0,0.99929667,0.99929667,0.00070328073
0,0,0.9992804,0.9992804,0.00071965676
0,0,0.9993944,0.9993944,0.0006055154
0,0,0.9992913,0.9992913,0.00070868037
0,0,0.77281713,0.77281713,0.22718284
0,0,0.99922025,0.99922025,0.0007797056
0,0,0.9992256,0.9992256,0.0007743987
1,1,0.8850692,0.11493075,0.8850692
0,0,0.9993697,0.9993697,0.00063032546
0,0,0.9990056,0.9990056,0.0009944476
0,0,0.6100195,0.6100195,0.3899805
0,0,0.9989778,0.9989778,0.0010221992
0,0,0.99913365,0.99913365,0.0008663821
0,0,0.9923084,0.9923084,0.007691551
1,0,0.5388243,0.5388243,0.46117565
1,1,0.5344545,0.4655455,0.5344545
0,0,0.75520766,0.75520766,0.24479233
0,0,0.9992508,0.9992508,0.00074918766
0,0,0.99799997,0.99799997,0.002000047
1,1,0.60053587,0.3994641,0.60053587
0,0,0.99938583,0.99938583,0.0006141634
0,0,0.9941697,0.9941697,0.005830262
1,1,0.6114733,0.3885267,0.6114733
0,0,0.9992854,0.9992854,0.0007146097
0,0,0.99882394,0.99882394,0.0011760242
0,0,0.99938846,0.99938846,0.0006115565
0,0,0.859467,0.859467,0.14053296
0,0,0.9919368,0.9919368,0.008063265
0,0,0.9279689,0.9279689,0.07203104
0,0,0.6328231,0.6328231,0.36717692
0,0,0.9787854,0.9787854,0.021214554
0,0,0.9993006,0.9993006,0.0006993999
0,0,0.999387,0.999387,0.0006129643
0,0,0.9307565,0.9307565,0.06924349
0,0,0.963588,0.963588,0.036411967
0,0,0.998801,0.998801,0.0011990207
0,0,0.9993537,0.9993537,0.00064635085
0,0,0.9143209,0.9143209,0.085679084
0,0,0.99937576,0.99937576,0.00062421645
0,0,0.9993851,0.9993851,0.00061484217
0,0,0.9605511,0.9605511,0.039448917
0,0,0.95702124,0.95702124,0.042978708
1,0,0.6983539,0.6983539,0.30164614
0,0,0.9993661,0.9993661,0.0006339079
0,0,0.9591191,0.9591191,0.04088087
0,0,0.9990369,0.9990369,0.00096308975
0,0,0.9992119,0.9992119,0.0007880372
0,0,0.74269706,0.74269706,0.2573029
0,1,0.79601777,0.20398225,0.79601777
0,0,0.91244054,0.91244054,0.0875595
0,0,0.9963983,0.9963983,0.0036016055
0,0,0.9991885,0.9991885,0.00081152027
0,0,0.99936527,0.99936527,0.0006348018
0,0,0.99924326,0.99924326,0.00075672194
1,1,0.6923076,0.30769244,0.6923076
0,0,0.9992849,0.9992849,0.000715046
0,0,0.9992169,0.9992169,0.00078311714
0,0,0.9987294,0.9987294,0.0012705765
0,0,0.9993187,0.9993187,0.0006813396
0,0,0.53136814,0.53136814,0.46863186
0,0,0.99922645,0.99922645,0.00077357696
0,1,0.9476367,0.052363347,0.9476367
1,1,0.5769023,0.42309776,0.5769023
0,0,0.65268826,0.65268826,0.34731174
0,0,0.5692627,0.5692627,0.4307373
1,0,0.5134132,0.5134132,0.4865868
0,0,0.99888736,0.99888736,0.0011126434
0,0,0.76327395,0.76327395,0.23672606
0,0,0.9990115,0.9990115,0.0009885038
0,0,0.9993876,0.9993876,0.0006123638
0,0,0.9992243,0.9992243,0.00077564636
0,0,0.99732673,0.99732673,0.0026732564
0,0,0.9150053,0.9150053,0.08499461
0,0,0.99902225,0.99902225,0.0009777966
0,0,0.9985209,0.9985209,0.0014791356
0,0,0.9991666,0.9991666,0.00083343434
0,0,0.9993451,0.9993451,0.000654852
0,0,0.9988171,0.9988171,0.0011829976
0,0,0.99924624,0.99924624,0.00075378985
1,1,0.5854442,0.41455576,0.5854442
0,0,0.99939144,0.99939144,0.0006085322
0,0,0.99934024,0.99934024,0.0006597992
0,0,0.99931073,0.99931073,0.000689217
1,1,0.61126,0.38874003,0.61126
1,1,0.9674951,0.032504976,0.9674951
0,0,0.9199266,0.9199266,0.08007341
1,1,0.96241593,0.03758409,0.96241593
1,1,0.9821323,0.01786769,0.9821323
0,0,0.9716495,0.9716495,0.028350435
1,1,0.8213687,0.17863134,0.8213687
0,0,0.783374,0.783374,0.21662597
1,1,0.9208422,0.07915781,0.9208422
1,1,0.5986147,0.4013853,0.5986147
0,0,0.99920815,0.99920815,0.00079181744
0,0,0.999226,0.999226,0.00077396474
0,0,0.99618703,0.99618703,0.0038129867
0,0,0.9992567,0.9992567,0.000743309
0,0,0.9993888,0.9993888,0.00061115506
0,0,0.9464211,0.9464211,0.053578917
0,0,0.999209,0.999209,0.00079106406
0,0,0.9993375,0.9993375,0.0006624536
1,1,0.93762505,0.062374983,0.93762505
0,0,0.8591813,0.8591813,0.14081867
0,0,0.99937916,0.99937916,0.0006208722
0,0,0.99920565,0.99920565,0.0007944022
0,0,0.73896044,0.73896044,0.26103953
0,0,0.9627019,0.9627019,0.03729808
1,1,0.9147911,0.085208885,0.9147911
0,0,0.96807915,0.96807915,0.03192091
1,0,0.50198805,0.50198805,0.49801195
0,0,0.99933285,0.99933285,0.0006671361
0,0,0.99888474,0.99888474,0.0011152235
1,0,0.9333515,0.9333515,0.06664845
1,1,0.9796174,0.020382565,0.9796174
0,0,0.9956156,0.9956156,0.004384399
0,0,0.9993722,0.9993722,0.00062788033
0,0,0.9991049,0.9991049,0.00089504156
0,0,0.9671864,0.9671864,0.03281364
0,0,0.999084,0.999084,0.00091599557
0,0,0.9980192,0.9980192,0.0019808356
0,0,0.99937695,0.99937695,0.0006231142
1,0,0.672227,0.672227,0.32777303
0,0,0.94661266,0.94661266,0.053387363
0,0,0.99743384,0.99743384,0.00256621
1,0,0.9948089,0.9948089,0.005191033
0,1,0.9215953,0.078404725,0.9215953
0,0,0.9992298,0.9992298,0.0007702389
1,1,0.6752138,0.32478616,0.6752138
1,1,0.8233727,0.17662722,0.8233727
0,0,0.9993476,0.9993476,0.0006523628
0,0,0.93433446,0.93433446,0.06566557
0,0,0.9993407,0.9993407,0.00065923407
0,0,0.9684424,0.9684424,0.03155762
0,0,0.99934393,0.99934393,0.0006561064
0,0,0.9776669,0.9776669,0.022333104
0,0,0.9993205,0.9993205,0.00067947817
0,0,0.6200772,0.6200772,0.37992275
0,0,0.99930024,0.99930024,0.0006997706
0,0,0.9992144,0.9992144,0.00078556605
0,0,0.99722785,0.99722785,0.0027721794
0,0,0.9991135,0.9991135,0.0008864901
0,0,0.965007,0.965007,0.034992978
0,0,0.9104443,0.9104443,0.089555696
0,0,0.7067375,0.7067375,0.29326245
0,0,0.8210511,0.8210511,0.17894885
0,0,0.99905103,0.99905103,0.0009490001
0,0,0.99924374,0.99924374,0.00075622887
0,0,0.9993063,0.9993063,0.00069371884
0,0,0.94792795,0.94792795,0.052072063
0,0,0.99856406,0.99856406,0.0014359116
0,0,0.9993825,0.9993825,0.00061752135
0,0,0.9569967,0.9569967,0.043003313
0,0,0.99936754,0.99936754,0.00063242676
0,1,0.51408863,0.4859114,0.51408863
0,0,0.9455692,0.9455692,0.054430798
0,0,0.59343284,0.59343284,0.40656713
0,0,0.95211595,0.95211595,0.047884095
0,0,0.9905172,0.9905172,0.009482739
0,0,0.98674417,0.98674417,0.0132558495
1,0,0.89920056,0.89920056,0.10079941
0,0,0.99920315,0.99920315,0.00079682714
0,0,0.95724,0.95724,0.04276002
0,0,0.9993105,0.9993105,0.0006895248
0,0,0.9901002,0.9901002,0.00989984
0,0,0.9909651,0.9909651,0.009034877
0,0,0.5072633,0.5072633,0.49273667
0,0,0.92070395,0.92070395,0.07929606
0,0,0.96786714,0.96786714,0.032132905
0,0,0.9993832,0.9993832,0.00061680493
0,0,0.9993892,0.9993892,0.0006108225
0,0,0.9688983,0.9688983,0.031101769
0,0,0.9510396,0.9510396,0.04896035
0,0,0.9992962,0.9992962,0.0007037571
0,0,0.9991578,0.9991578,0.00084219035
0,0,0.9719936,0.9719936,0.028006392
0,0,0.9992914,0.9992914,0.00070861215
0,0,0.99755174,0.99755174,0.0024482594
0,0,0.99938905,0.99938905,0.00061091856
0,0,0.86610824,0.86610824,0.13389178
0,0,0.8687138,0.8687138,0.1312862
0,0,0.9993611,0.9993611,0.0006388671
0,0,0.9469838,0.9469838,0.053016163
0,0,0.9356104,0.9356104,0.06438961
0,0,0.6457578,0.6457578,0.35424227
0,0,0.93172747,0.93172747,0.068272516
0,0,0.76411194,0.76411194,0.2358881
0,0,0.99929225,0.99929225,0.000707778
0,0,0.9993017,0.9993017,0.00069835153
0,0,0.88576937,0.88576937,0.11423061
0,0,0.9968094,0.9968094,0.0031905642
1,0,0.5665346,0.5665346,0.43346548
0,0,0.9992593,0.9992593,0.0007406743
0,0,0.85642284,0.85642284,0.14357711
1,1,0.81313634,0.18686366,0.81313634
0,0,0.9993349,0.9993349,0.00066510553
1,0,0.94616747,0.94616747,0.05383257
0,0,0.9991573,0.9991573,0.00084274117
0,0,0.9958087,0.9958087,0.0041913055
0,0,0.90782607,0.90782607,0.09217391
0,0,0.99928695,0.99928695,0.00071307155
0,0,0.99507385,0.99507385,0.0049261325
0,0,0.9992581,0.9992581,0.00074189535
0,0,0.9074483,0.9074483,0.092551775
0,0,0.9968754,0.9968754,0.0031245875
0,0,0.99879944,0.99879944,0.0012005017
0,0,0.8045742,0.8045742,0.19542584
0,0,0.9992415,0.9992415,0.00075850164
0,0,0.99926347,0.99926347,0.0007365549
0,0,0.99930274,0.99930274,0.0006972436
0,0,0.9544065,0.9544065,0.045593493
0,0,0.99919003,0.99919003,0.0008099342
0,0,0.999295,0.999295,0.0007050151
1,0,0.9966118,0.9966118,0.0033881548
0,0,0.94792014,0.94792014,0.0520799
0,0,0.87332666,0.87332666,0.12667331
1,1,0.80781657,0.19218343,0.80781657
0,0,0.9787698,0.9787698,0.021230264
0,0,0.99934524,0.99934524,0.00065477216
0,0,0.88771003,0.88771003,0.112289965
0,0,0.89828235,0.89828235,0.10171769
0,0,0.96329343,0.96329343,0.036706507
0,0,0.99912614,0.99912614,0.00087390636
0,0,0.98006034,0.98006034,0.019939637
0,0,0.9982014,0.9982014,0.001798577
0,0,0.99799573,0.99799573,0.00200424
0,0,0.9370619,0.9370619,0.06293815
0,0,0.9937769,0.9937769,0.006223082
1,1,0.8549804,0.14501955,0.8549804
0,0,0.9993383,0.9993383,0.00066165865
0,0,0.9991756,0.9991756,0.00082432106
0,0,0.9991792,0.9991792,0.00082079665
0,0,0.99915695,0.99915695,0.0008430632
0,0,0.9992368,0.9992368,0.0007632469
0,1,0.7762165,0.22378352,0.7762165
0,0,0.9993544,0.9993544,0.0006456321
0,0,0.9993636,0.9993636,0.00063641736
0,0,0.99938416,0.99938416,0.0006158093
0,1,0.54235303,0.45764697,0.54235303
0,0,0.9991622,0.9991622,0.00083779136
0,0,0.96076,0.96076,0.039240036
0,0,0.67729217,0.67729217,0.32270783
0,0,0.97763,0.97763,0.02236998
0,0,0.84418756,0.84418756,0.15581246
1,0,0.9827084,0.9827084,0.017291674
0,0,0.9985551,0.9985551,0.001444819
1,1,0.902797,0.09720304,0.902797
0,0,0.97973067,0.97973067,0.020269316
0,0,0.9936684,0.9936684,0.0063316487
0,0,0.94020426,0.94020426,0.059795715
0,0,0.9992417,0.9992417,0.00075835496
1,0,0.7102392,0.7102392,0.28976077
0,0,0.99917185,0.99917185,0.00082813087
0,0,0.9848645,0.9848645,0.015135475
0,0,0.89865863,0.89865863,0.101341344
0,0,0.9988708,0.9988708,0.0011291427
0,0,0.99939656,0.99939656,0.0006033783
0,0,0.9993718,0.9993718,0.00062822097
0,0,0.91066235,0.91066235,0.08933766
1,1,0.9350597,0.06494028,0.9350597
0,0,0.99443096,0.99443096,0.0055689868
1,1,0.7865367,0.21346332,0.7865367
0,1,0.5516774,0.4483226,0.5516774
0,0,0.99916244,0.99916244,0.0008375703
1,1,0.80909026,0.19090977,0.80909026
0,0,0.9993325,0.9993325,0.0006675104
1,1,0.9112366,0.08876341,0.9112366
0,0,0.9990207,0.9990207,0.0009793208
1,0,0.7706462,0.7706462,0.2293538
0,0,0.9990735,0.9990735,0.000926478
0,1,0.6870072,0.3129928,0.6870072
0,0,0.8465197,0.8465197,0.15348029
0,0,0.9469442,0.9469442,0.053055797
1,1,0.7463021,0.2536979,0.7463021
0,0,0.9993262,0.9993262,0.0006737425
1,1,0.9040837,0.09591627,0.9040837
0,1,0.8369226,0.16307738,0.8369226
0,0,0.9993662,0.9993662,0.00063381006
0,0,0.7953264,0.7953264,0.20467362
0,0,0.99928963,0.99928963,0.0007103322
0,0,0.9738645,0.9738645,0.026135433
0,0,0.9697673,0.9697673,0.030232728
1,1,0.6431377,0.35686228,0.6431377
0,0,0.99936646,0.99936646,0.00063358026
0,1,0.5322581,0.46774194,0.5322581
0,0,0.7051443,0.7051443,0.29485574
0,0,0.9073903,0.9073903,0.09260968
0,0,0.94924617,0.94924617,0.05075379
0,0,0.8561936,0.8561936,0.14380644
0,0,0.9993824,0.9993824,0.0006175616
0,0,0.71949613,0.71949613,0.28050393
1,1,0.89222896,0.10777104,0.89222896
0,0,0.99925274,0.99925274,0.00074719585
0,0,0.9850152,0.9850152,0.01498482
0,0,0.9993636,0.9993636,0.0006364095
0,0,0.9713478,0.9713478,0.028652247
0,0,0.94460905,0.94460905,0.055390988
0,0,0.9965186,0.9965186,0.0034814286
0,0,0.998539,0.998539,0.0014610557
0,0,0.6153701,0.6153701,0.38462988
0,0,0.99933344,0.99933344,0.00066657143
1,1,0.97358227,0.026417688,0.97358227
0,0,0.85358626,0.85358626,0.14641371
0,0,0.84176934,0.84176934,0.15823063
0,0,0.9993094,0.9993094,0.0006905612
0,0,0.9666599,0.9666599,0.03334011
0,0,0.99922097,0.99922097,0.0007790743
0,0,0.9988439,0.9988439,0.0011560835
0,0,0.99899954,0.99899954,0.0010004243
0,0,0.9991743,0.9991743,0.0008257271
0,0,0.7059192,0.7059192,0.2940808
0,0,0.9703316,0.9703316,0.02966844
1,0,0.7481966,0.7481966,0.25180343
0,0,0.9993863,0.9993863,0.00061367336
0,1,0.5160602,0.4839398,0.5160602
1,0,0.8782231,0.8782231,0.12177688
0,0,0.89758474,0.89758474,0.10241525
0,0,0.7547211,0.7547211,0.24527888
0,0,0.9993568,0.9993568,0.0006431901
0,0,0.99916923,0.99916923,0.0008307884
0,0,0.9973187,0.9973187,0.0026813196
0,1,0.70791894,0.29208106,0.70791894
0,0,0.96018577,0.96018577,0.039814286
0,0,0.9992719,0.9992719,0.00072811946
0,0,0.9501908,0.9501908,0.04980929
0,0,0.9993292,0.9993292,0.00067076395
0,0,0.98758495,0.98758495,0.012414989
0,0,0.97890604,0.97890604,0.021093937
0,0,0.77409405,0.77409405,0.2259059
0,0,0.99828917,0.99828917,0.0017108439
0,0,0.9021787,0.9021787,0.09782131
0,0,0.79810244,0.79810244,0.20189755
0,0,0.99926955,0.99926955,0.0007304396
0,0,0.8462779,0.8462779,0.15372206
0,0,0.9988018,0.9988018,0.0011981603
1,0,0.64828235,0.64828235,0.35171762
0,0,0.679209,0.679209,0.32079098
0,0,0.7426782,0.7426782,0.25732177
0,0,0.99269545,0.99269545,0.0073045515
0,0,0.9992901,0.9992901,0.00070987473
0,0,0.9989203,0.9989203,0.0010796541
0,0,0.69843215,0.69843215,0.30156788
0,0,0.997251,0.997251,0.0027489655
0,0,0.95299774,0.95299774,0.047002338
0,0,0.9658034,0.9658034,0.034196615
1,0,0.904464,0.904464,0.095536016
0,0,0.9991598,0.9991598,0.0008401549
0,0,0.6543147,0.6543147,0.34568533
1,0,0.5702538,0.5702538,0.42974624
0,1,0.6229868,0.37701327,0.6229868
0,0,0.9285307,0.9285307,0.07146931
0,0,0.99930537,0.99930537,0.00069468544
1,1,0.9806051,0.019394837,0.9806051
0,0,0.99936765,0.99936765,0.00063231157
0,0,0.78621167,0.78621167,0.21378836
0,0,0.99930406,0.99930406,0.00069590396
0,0,0.9992506,0.9992506,0.00074938615
0,0,0.9889636,0.9889636,0.011036363
0,0,0.99893826,0.99893826,0.001061728
1,0,0.96718264,0.96718264,0.03281735
0,0,0.9971185,0.9971185,0.002881489
0,0,0.99896336,0.99896336,0.0010366401
0,0,0.7734879,0.7734879,0.22651203
0,0,0.9992418,0.9992418,0.00075816846
0,0,0.9992768,0.9992768,0.00072323333
0,0,0.5789245,0.5789245,0.42107552
0,0,0.9786835,0.9786835,0.021316502
0,0,0.9513234,0.9513234,0.048676617
0,0,0.76016515,0.76016515,0.23983485
0,0,0.9968765,0.9968765,0.0031234643
0,0,0.99561286,0.99561286,0.0043871077
0,0,0.9953205,0.9953205,0.0046795034
0,0,0.9226292,0.9226292,0.07737084
0,0,0.64923936,0.64923936,0.35076064
0,0,0.9168466,0.9168466,0.08315346
0,0,0.6258516,0.6258516,0.37414846
0,0,0.9632239,0.9632239,0.03677609
0,0,0.9888685,0.9888685,0.011131547
0,1,0.86442894,0.13557102,0.86442894
0,0,0.9988452,0.9988452,0.0011547926
0,0,0.99934405,0.99934405,0.0006559758
0,0,0.9988949,0.9988949,0.0011051449
0,0,0.9991586,0.9991586,0.0008413361
0,0,0.97219735,0.97219735,0.027802674
0,0,0.9992576,0.9992576,0.00074241136
0,0,0.99938,0.99938,0.0006199237
1,1,0.8308343,0.16916566,0.8308343
0,0,0.85612535,0.85612535,0.1438747
0,0,0.9125708,0.9125708,0.08742918
0,1,0.8102813,0.18971872,0.8102813
0,0,0.8607332,0.8607332,0.13926679
1,1,0.9801201,0.019879835,0.9801201
0,0,0.99920636,0.99920636,0.00079361454
0,1,0.6978981,0.30210188,0.6978981
0,1,0.64572585,0.35427412,0.64572585
0,0,0.93532634,0.93532634,0.06467363
0,0,0.9992415,0.9992415,0.0007585917
0,0,0.74036145,0.74036145,0.2596385
0,0,0.9049139,0.9049139,0.09508614
0,1,0.79176176,0.20823827,0.79176176
0,0,0.9989274,0.9989274,0.001072507
1,0,0.93628764,0.93628764,0.06371236
0,1,0.5949823,0.40501764,0.5949823
0,0,0.53624445,0.53624445,0.46375555
0,0,0.99869126,0.99869126,0.0013087041
1,1,0.73105913,0.2689409,0.73105913
1,0,0.55592257,0.55592257,0.44407743
0,0,0.9993673,0.9993673,0.00063272216
0,0,0.99925846,0.99925846,0.0007414991
0,1,0.6409416,0.3590584,0.6409416
0,0,0.9741432,0.9741432,0.02585683
0,0,0.9233378,0.9233378,0.07666216
1,0,0.98545176,0.98545176,0.014548263
1,0,0.93636787,0.93636787,0.06363209
0,0,0.84721905,0.84721905,0.15278094
1,0,0.6311373,0.6311373,0.36886272
0,0,0.9896091,0.9896091,0.010390874
0,0,0.9519096,0.9519096,0.048090454
0,0,0.9885296,0.9885296,0.011470326
0,0,0.99919564,0.99919564,0.0008043227
0,0,0.9617775,0.9617775,0.03822251
0,0,0.9967913,0.9967913,0.0032086526
0,0,0.9991849,0.9991849,0.00081509067
1,1,0.9543567,0.045643296,0.9543567
0,0,0.9859914,0.9859914,0.014008552
0,0,0.99789184,0.99789184,0.002108227
0,0,0.8525124,0.8525124,0.1474876
0,0,0.999108,0.999108,0.00089194905
0,0,0.999154,0.999154,0.0008460339
0,0,0.9946181,0.9946181,0.005381961
0,0,0.929766,0.929766,0.07023401
0,0,0.8524616,0.8524616,0.14753842
0,0,0.82732666,0.82732666,0.17267337
0,0,0.99934965,0.99934965,0.00065038376
0,0,0.9012017,0.9012017,0.09879834
0,1,0.50641817,0.49358183,0.50641817
1,1,0.77457196,0.22542807,0.77457196
0,0,0.9989686,0.9989686,0.0010313768
0,0,0.9991597,0.9991597,0.00084036594
0,0,0.99913967,0.99913967,0.0008603237
0,0,0.97793406,0.97793406,0.022065874
0,0,0.99934644,0.99934644,0.0006535025
0,0,0.97717285,0.97717285,0.022827173
0,0,0.9993788,0.9993788,0.0006211924
1,0,0.8716953,0.8716953,0.12830466
1,1,0.90667206,0.09332791,0.90667206
0,0,0.9990081,0.9990081,0.0009919169
0,0,0.99938095,0.99938095,0.00061905524
0,0,0.9940503,0.9940503,0.005949701
0,0,0.9993529,0.9993529,0.00064710184
0,0,0.9991603,0.9991603,0.00083967106
0,0,0.99933976,0.99933976,0.0006602042
1,1,0.98491096,0.015089045,0.98491096
0,0,0.985059,0.985059,0.01494095
0,0,0.98841023,0.98841023,0.011589745
0,0,0.99910396,0.99910396,0.00089606637
0,0,0.9993285,0.9993285,0.00067159015
1,1,0.8741438,0.12585627,0.8741438
0,0,0.9408972,0.9408972,0.059102777
0,0,0.9260467,0.9260467,0.07395325
0,0,0.99812025,0.99812025,0.0018796918
1,1,0.8898004,0.11019958,0.8898004
1,1,0.9688392,0.031160843,0.9688392
0,0,0.8210582,0.8210582,0.17894176
1,0,0.85777944,0.85777944,0.14222056
1,1,0.89339966,0.10660037,0.89339966
0,0,0.9823506,0.9823506,0.017649407
0,0,0.92655045,0.92655045,0.073449485
0,0,0.95919114,0.95919114,0.040808853
0,0,0.99934965,0.99934965,0.00065038376
0,0,0.9993716,0.9993716,0.0006284725
0,0,0.999315,0.999315,0.0006850123
0,0,0.9973711,0.9973711,0.002628862
0,0,0.9287545,0.9287545,0.07124553
1,0,0.9037565,0.9037565,0.09624346
0,0,0.99898523,0.99898523,0.001014787
0,0,0.9993222,0.9993222,0.0006778088
0,0,0.57480407,0.57480407,0.42519596
0,0,0.99707294,0.99707294,0.0029270784
0,0,0.93827057,0.93827057,0.061729454
0,0,0.9993374,0.9993374,0.00066255877
0,0,0.99440324,0.99440324,0.005596736
0,0,0.9906662,0.9906662,0.009333788
0,1,0.9864292,0.013570823,0.9864292
1,1,0.9685125,0.031487558,0.9685125
0,0,0.9993517,0.9993517,0.0006483176
0,0,0.99165714,0.99165714,0.008342944
0,0,0.9992144,0.9992144,0.0007855308
1,1,0.70305693,0.29694313,0.70305693
0,0,0.9993304,0.9993304,0.0006696491
0,0,0.9992423,0.9992423,0.00075771776
0,0,0.9984669,0.9984669,0.0015330396
0,0,0.999382,0.999382,0.00061791576
0,0,0.91285163,0.91285163,0.087148406
0,0,0.999338,0.999338,0.0006619733
0,1,0.7044446,0.2955554,0.7044446
1,1,0.964664,0.035336055,0.964664
0,0,0.949328,0.949328,0.05067198
0,0,0.99863356,0.99863356,0.001366384
0,0,0.9992987,0.9992987,0.0007012495
0,0,0.97647274,0.97647274,0.023527192
0,0,0.9962882,0.9962882,0.003711824
0,0,0.9991905,0.9991905,0.0008095083
0,0,0.9993506,0.9993506,0.0006494361
0,0,0.9992895,0.9992895,0.00071051565
0,0,0.9374461,0.9374461,0.06255388
1,1,0.94260156,0.057398416,0.94260156
0,0,0.99931264,0.99931264,0.0006874085
0,0,0.9992312,0.9992312,0.00076873717
0,0,0.9854374,0.9854374,0.01456257
0,0,0.9977041,0.9977041,0.0022959318
0,0,0.80271244,0.80271244,0.19728754
0,0,0.9992225,0.9992225,0.0007774716
0,0,0.9992285,0.9992285,0.000771537
0,0,0.92620784,0.92620784,0.07379216
0,0,0.99936765,0.99936765,0.00063231157
1,0,0.6590856,0.6590856,0.34091443
0,0,0.7288412,0.7288412,0.2711588
0,1,0.59222996,0.40777004,0.59222996
0,0,0.99936134,0.99936134,0.0006386924
0,0,0.9991667,0.9991667,0.00083330093
0,0,0.99925274,0.99925274,0.00074727135
1,1,0.89200264,0.10799734,0.89200264
1,1,0.6419079,0.35809213,0.6419079
0,0,0.99894494,0.99894494,0.0010551176
1,0,0.5481716,0.5481716,0.45182842
0,0,0.9992306,0.9992306,0.00076942577
1,1,0.69300133,0.3069986,0.69300133
0,0,0.9717543,0.9717543,0.028245687
0,0,0.5738734,0.5738734,0.42612657
0,0,0.99937916,0.99937916,0.0006208722
0,0,0.99933237,0.99933237,0.0006676195
0,0,0.9991492,0.9991492,0.0008507469
0,0,0.9767999,0.9767999,0.023200117
0,0,0.99906677,0.99906677,0.00093326403
0,0,0.999363,0.999363,0.00063698605
0,0,0.99935824,0.99935824,0.0006417285
0,0,0.98832136,0.98832136,0.011678581
1,0,0.6302685,0.6302685,0.36973146
1,1,0.8612523,0.13874769,0.8612523
1,1,0.53602844,0.46397153,0.53602844
1,1,0.924285,0.07571501,0.924285
0,0,0.98414385,0.98414385,0.015856193
0,0,0.9988938,0.9988938,0.0011062303
0,0,0.9992567,0.9992567,0.0007433189
0,0,0.968015,0.968015,0.031984963
0,0,0.9993463,0.9993463,0.000653646
1,0,0.9001087,0.9001087,0.099891275
0,0,0.9627418,0.9627418,0.03725824
0,0,0.9993774,0.9993774,0.0006226414
0,0,0.99918467,0.99918467,0.00081533456
0,0,0.84284365,0.84284365,0.15715632
0,1,0.52267456,0.4773254,0.52267456
1,0,0.898495,0.898495,0.10150501
0,0,0.9377868,0.9377868,0.0622132
0,0,0.9974757,0.9974757,0.002524297
0,0,0.9993456,0.9993456,0.0006543629
0,0,0.999258,0.999258,0.00074203365
0,0,0.56192577,0.56192577,0.43807426
1,1,0.80274266,0.19725733,0.80274266
0,0,0.9992692,0.9992692,0.0007308289
0,1,0.55662966,0.44337034,0.55662966
0,0,0.9293101,0.9293101,0.070689954
1,1,0.98778373,0.012216266,0.98778373
1,1,0.9030344,0.0969656,0.9030344
0,0,0.9581468,0.9581468,0.041853223
0,0,0.9992543,0.9992543,0.00074567075
0,0,0.9992155,0.9992155,0.0007845438
1,1,0.6302735,0.36972642,0.6302735
0,0,0.9992029,0.9992029,0.0007971671
0,0,0.9169682,0.9169682,0.08303175
0,0,0.99910873,0.99910873,0.0008911959
0,0,0.9356373,0.9356373,0.0643627
0,0,0.9992312,0.9992312,0.0007688097
0,0,0.8992255,0.8992255,0.10077454
0,0,0.99736804,0.99736804,0.0026319607
0,0,0.9119115,0.9119115,0.088088505
1,1,0.523531,0.47646895,0.523531
0,1,0.71259165,0.28740835,0.71259165
0,0,0.9470935,0.9470935,0.052906435
0,0,0.9992884,0.9992884,0.0007116633
0,0,0.9989618,0.9989618,0.0010381824
0,0,0.99938226,0.99938226,0.0006177203
0,0,0.5575813,0.5575813,0.44241872
0,1,0.66208833,0.3379117,0.66208833
0,0,0.9993438,0.9993438,0.00065619306
0,0,0.99939823,0.99939823,0.00060178776
0,0,0.94801605,0.94801605,0.051983945
0,1,0.638636,0.36136395,0.638636
0,0,0.68986976,0.68986976,0.31013024
0,0,0.9993284,0.9993284,0.00067159487
0,0,0.99924374,0.99924374,0.0007563284
0,0,0.8819922,0.8819922,0.11800779
0,1,0.7565752,0.24342476,0.7565752
1,1,0.9435808,0.05641918,0.9435808
0,0,0.9722754,0.9722754,0.027724687
0,0,0.99933857,0.99933857,0.0006613815
0,0,0.8192348,0.8192348,0.18076517
0,0,0.98995763,0.98995763,0.010042323
0,0,0.9992623,0.9992623,0.0007377192
0,0,0.9171442,0.9171442,0.08285585
0,1,0.77338094,0.2266191,0.77338094
1,1,0.81182325,0.18817677,0.81182325
0,0,0.999316,0.999316,0.00068398094
0,0,0.99804926,0.99804926,0.0019507704
0,0,0.99509984,0.99509984,0.0049001104
0,0,0.98711085,0.98711085,0.012889119
0,0,0.9993754,0.9993754,0.0006246197
0,0,0.9902712,0.9902712,0.009728778
0,0,0.9838801,0.9838801,0.016119912
0,0,0.9879651,0.9879651,0.012034971
0,0,0.7065464,0.7065464,0.29345354
0,0,0.99918586,0.99918586,0.0008141064
0,0,0.9992512,0.9992512,0.00074873253
0,0,0.97871333,0.97871333,0.021286596
0,0,0.99933237,0.99933237,0.00066762493
0,0,0.9993259,0.9993259,0.0006741748
0,0,0.9982577,0.9982577,0.0017422612
0,1,0.5556297,0.44437036,0.5556297
0,0,0.9993055,0.9993055,0.0006944696
0,0,0.7248811,0.7248811,0.27511883
1,1,0.5918845,0.4081155,0.5918845
0,0,0.9992724,0.9992724,0.00072755344
0,0,0.97708535,0.97708535,0.022914626
0,0,0.97613245,0.97613245,0.023867592
0,0,0.7763387,0.7763387,0.2236613
0,0,0.99924505,0.99924505,0.00075496803
1,1,0.6797368,0.3202632,0.6797368
0,0,0.9909887,0.9909887,0.009011341
0,0,0.99937063,0.99937063,0.0006293512
0,0,0.9993623,0.9993623,0.0006377703
1,0,0.98412734,0.98412734,0.015872674
0,0,0.9989793,0.9989793,0.0010207206
0,0,0.9989635,0.9989635,0.0010365524
0,0,0.99902093,0.99902093,0.0009790255
1,1,0.5193893,0.48061073,0.5193893
0,1,0.9047383,0.09526164,0.9047383
0,0,0.99820626,0.99820626,0.0017937843
0,0,0.99908566,0.99908566,0.00091432704
0,0,0.99881685,0.99881685,0.0011832031
0,0,0.9992611,0.9992611,0.0007388653
0,0,0.9868016,0.9868016,0.013198379
1,0,0.85954654,0.85954654,0.14045346
1,1,0.8987608,0.10123926,0.8987608
0,0,0.9429226,0.9429226,0.0570774
0,0,0.9944825,0.9944825,0.005517515
1,0,0.9407897,0.9407897,0.059210252
0,0,0.99924976,0.99924976,0.0007501982
0,0,0.91905093,0.91905093,0.08094901
0,0,0.87653965,0.87653965,0.1234604
0,0,0.9992514,0.9992514,0.000748495
0,0,0.97139513,0.97139513,0.028604824
0,0,0.9836046,0.9836046,0.016395433
0,0,0.9978607,0.9978607,0.0021392533
0,0,0.99923885,0.99923885,0.00076117716
0,0,0.99933547,0.99933547,0.00066453253
0,0,0.59048057,0.59048057,0.40951946
1,1,0.80016744,0.1998326,0.80016744
0,0,0.6988431,0.6988431,0.30115688
1,0,0.732857,0.732857,0.267143
0,0,0.99776983,0.99776983,0.0022301928
0,0,0.987248,0.987248,0.012751946
1,0,0.9196851,0.9196851,0.08031484
0,0,0.9685254,0.9685254,0.03147455
0,0,0.99929035,0.99929035,0.0007095885
1,1,0.5303991,0.46960098,0.5303991
0,1,0.5866759,0.41332412,0.5866759
0,0,0.93871194,0.93871194,0.061288055
0,0,0.9992085,0.9992085,0.00079149764
1,0,0.76794815,0.76794815,0.23205179
0,0,0.9991468,0.9991468,0.00085320015
1,1,0.84564584,0.15435413,0.84564584
0,0,0.99935836,0.99935836,0.0006416656
0,0,0.9993098,0.9993098,0.0006901931
0,1,0.6840914,0.31590858,0.6840914
0,0,0.9992718,0.9992718,0.0007282406
0,0,0.8951072,0.8951072,0.10489278
0,0,0.92699975,0.92699975,0.07300026
0,0,0.9992168,0.9992168,0.00078316295
0,1,0.5137707,0.48622927,0.5137707
0,0,0.93926144,0.93926144,0.060738515
0,0,0.7498291,0.7498291,0.25017092
0,0,0.99937856,0.99937856,0.0006214488
1,1,0.9815329,0.018467072,0.9815329
0,0,0.98451334,0.98451334,0.015486678
1,0,0.9666036,0.9666036,0.033396453
0,0,0.9618307,0.9618307,0.0381694
0,0,0.99937445,0.99937445,0.00062555354
0,0,0.9660097,0.9660097,0.033990297
0,0,0.99936205,0.99936205,0.000638011
0,0,0.9868967,0.9868967,0.013103359
0,0,0.99775296,0.99775296,0.0022470786
0,0,0.9993517,0.9993517,0.0006483293
0,0,0.9515319,0.9515319,0.04846811
0,0,0.9992099,0.9992099,0.00079013593
0,0,0.8768103,0.8768103,0.12318974
0,0,0.9993467,0.9993467,0.0006533652
0,0,0.9912176,0.9912176,0.008782425
0,0,0.9992317,0.9992317,0.00076832634
1,0,0.9427665,0.9427665,0.057233464
0,0,0.96946317,0.96946317,0.030536816
0,0,0.8319628,0.8319628,0.16803719
0,0,0.9991447,0.9991447,0.0008553569
0,0,0.87997353,0.87997353,0.12002646
0,0,0.93942684,0.93942684,0.060573168
0,0,0.964784,0.964784,0.03521593
0,0,0.9990941,0.9990941,0.0009058551
0,0,0.99224806,0.99224806,0.0077519934
0,0,0.96577984,0.96577984,0.034220215
0,0,0.99922633,0.99922633,0.00077369896
1,1,0.9425576,0.05744245,0.9425576
0,0,0.9993711,0.9993711,0.00062893203
1,1,0.8023534,0.19764657,0.8023534
0,0,0.99934095,0.99934095,0.0006590192
0,0,0.9306063,0.9306063,0.069393754
0,0,0.99915373,0.99915373,0.00084629474
0,1,0.67291075,0.32708925,0.67291075
0,0,0.87583256,0.87583256,0.124167405
1,1,0.76815015,0.23184988,0.76815015
0,0,0.93789834,0.93789834,0.06210159
0,0,0.9992176,0.9992176,0.00078234175
0,0,0.99922717,0.99922717,0.00077280955
0,0,0.9993747,0.9993747,0.00062535773
0,0,0.99924064,0.99924064,0.00075940177
0,0,0.94476587,0.94476587,0.055234104
0,0,0.9985403,0.9985403,0.0014596774
0,0,0.9991659,0.9991659,0.00083411206
1,0,0.5760469,0.5760469,0.42395315
0,0,0.9991602,0.9991602,0.00083978305
0,0,0.79979014,0.79979014,0.20020981
0,0,0.9982578,0.9982578,0.0017422423
0,0,0.9992489,0.9992489,0.00075110456
0,0,0.97981226,0.97981226,0.020187747
0,0,0.9149306,0.9149306,0.08506939
0,0,0.99932206,0.99932206,0.00067800016
0,0,0.79925454,0.79925454,0.20074548
0,0,0.854303,0.854303,0.14569704
0,0,0.9993616,0.9993616,0.00063845015
1,1,0.89475363,0.10524634,0.89475363
0,0,0.942903,0.942903,0.05709704
0,0,0.99882466,0.99882466,0.0011753298
0,0,0.9993774,0.9993774,0.0006226414
0,1,0.7865517,0.21344827,0.7865517
0,0,0.99928313,0.99928313,0.00071683293
0,0,0.94709605,0.94709605,0.0529039
0,0,0.5096705,0.5096705,0.4903295
0,0,0.9993106,0.9993106,0.0006894131
0,1,0.7152612,0.28473878,0.7152612
0,0,0.9957469,0.9957469,0.00425306
0,0,0.9095432,0.9095432,0.09045682
0,0,0.99929607,0.99929607,0.00070392987
0,0,0.6566248,0.6566248,0.34337524
0,0,0.97673905,0.97673905,0.023260908
0,0,0.98999935,0.98999935,0.01000066
0,0,0.99783593,0.99783593,0.0021640696
0,0,0.99929285,0.99929285,0.00070708216
0,0,0.90815777,0.90815777,0.091842264
0,0,0.6716077,0.6716077,0.3283924
0,0,0.717273,0.717273,0.282727
1,1,0.98371696,0.016283082,0.98371696
1,1,0.96204555,0.037954487,0.96204555
0,0,0.9993774,0.9993774,0.0006225568
0,1,0.67067987,0.32932016,0.67067987
0,0,0.9993273,0.9993273,0.0006726832
0,0,0.9993911,0.9993911,0.0006088579
1,1,0.98330426,0.016695723,0.98330426
0,0,0.9908704,0.9908704,0.009129545
0,0,0.9241628,0.9241628,0.075837195
0,0,0.8625866,0.8625866,0.13741344
0,0,0.93937075,0.93937075,0.060629256
1,0,0.7980165,0.7980165,0.20198353
0,0,0.9993697,0.9993697,0.000630397
0,0,0.93820864,0.93820864,0.06179139
0,0,0.6821078,0.6821078,0.31789222
0,0,0.8949756,0.8949756,0.10502438
0,0,0.94537497,0.94537497,0.054625005
0,0,0.99929106,0.99929106,0.0007089404
0,0,0.9981718,0.9981718,0.0018282216
0,0,0.9970192,0.9970192,0.0029808683
1,1,0.79930496,0.20069507,0.79930496
0,0,0.9993611,0.9993611,0.0006389305
0,0,0.875525,0.875525,0.124475054
0,0,0.9975521,0.9975521,0.0024478608
0,0,0.9993469,0.9993469,0.00065304834
0,0,0.99904627,0.99904627,0.00095374027
0,0,0.9956008,0.9956008,0.0043992125
1,1,0.98465747,0.0153425615,0.98465747
0,0,0.9993474,0.9993474,0.0006526495
0,0,0.9719183,0.9719183,0.02808169
0,0,0.9476901,0.9476901,0.052309897
1,1,0.66910326,0.33089674,0.66910326
0,0,0.81455934,0.81455934,0.18544064
0,0,0.99510914,0.99510914,0.0048908656
0,0,0.9991435,0.9991435,0.0008565191
0,0,0.98455775,0.98455775,0.015442305
0,0,0.9991708,0.9991708,0.0008292391
0,0,0.99823076,0.99823076,0.0017692238
0,0,0.8905463,0.8905463,0.10945365
0,0,0.99917006,0.99917006,0.0008299315
0,0,0.99914634,0.99914634,0.0008535974
0,0,0.999331,0.999331,0.00066901976
0,0,0.9898357,0.9898357,0.010164351
0,0,0.99931467,0.99931467,0.0006853503
0,0,0.99716175,0.99716175,0.0028382458
0,0,0.9992224,0.9992224,0.00077761314
0,1,0.6183475,0.38165247,0.6183475
0,0,0.99922657,0.99922657,0.0007733971
0,0,0.99848664,0.99848664,0.0015133751
0,0,0.942679,0.942679,0.057321046
0,0,0.99917406,0.99917406,0.0008259018
0,0,0.9987583,0.9987583,0.0012416727
0,0,0.9992415,0.9992415,0.0007585352
1,1,0.8903482,0.109651834,0.8903482
0,0,0.99901724,0.99901724,0.0009827866
0,0,0.9531399,0.9531399,0.046860144
0,0,0.79586166,0.79586166,0.20413831
0,1,0.73082715,0.26917282,0.73082715
0,0,0.7449942,0.7449942,0.25500575
1,0,0.9103659,0.9103659,0.08963415
0,0,0.8553369,0.8553369,0.14466314
0,0,0.999388,0.999388,0.0006119999
0,0,0.9987484,0.9987484,0.0012516184
0,0,0.8100368,0.8100368,0.18996318
0,0,0.9992618,0.9992618,0.0007382369
1,1,0.6889779,0.31102204,0.6889779
1,1,0.8776196,0.1223804,0.8776196
0,0,0.99935836,0.99935836,0.0006416613
1,1,0.7969838,0.2030162,0.7969838
0,0,0.99881005,0.99881005,0.0011899894
0,1,0.6040662,0.3959338,0.6040662
0,0,0.9993432,0.9993432,0.0006567451
0,0,0.99928385,0.99928385,0.0007161624
0,0,0.9991757,0.9991757,0.00082419143
0,0,0.9992539,0.9992539,0.00074603537
1,0,0.97568333,0.97568333,0.024316685
0,0,0.9993911,0.9993911,0.0006088562
0,0,0.99867994,0.99867994,0.0013200546
0,0,0.956434,0.956434,0.04356597
0,0,0.9887095,0.9887095,0.011290459
0,0,0.7763083,0.7763083,0.22369172
0,0,0.97751504,0.97751504,0.02248499
0,0,0.9992576,0.9992576,0.00074239756
0,0,0.99928755,0.99928755,0.00071248814
1,1,0.6890315,0.31096855,0.6890315
0,1,0.5164572,0.4835428,0.5164572
0,0,0.9499212,0.9499212,0.05007879
0,0,0.9991203,0.9991203,0.0008797504
1,1,0.6805439,0.31945607,0.6805439
0,0,0.81159395,0.81159395,0.1884061
1,0,0.8106925,0.8106925,0.1893075
0,0,0.99928504,0.99928504,0.000715039
0,0,0.84643203,0.84643203,0.15356794
0,0,0.9989536,0.9989536,0.0010463478
1,1,0.9166989,0.0833011,0.9166989
0,0,0.9993837,0.9993837,0.0006163054
0,1,0.8518064,0.14819363,0.8518064
0,0,0.9993656,0.9993656,0.0006343694
0,0,0.9973109,0.9973109,0.0026890913
0,0,0.999337,0.999337,0.00066292763
0,0,0.9974808,0.9974808,0.0025192043
0,0,0.9654067,0.9654067,0.034593336
0,0,0.9993012,0.9993012,0.00069875986
0,0,0.8733859,0.8733859,0.12661412
1,0,0.9195297,0.9195297,0.0804703
0,0,0.9560154,0.9560154,0.043984573
1,0,0.73974913,0.73974913,0.26025087
0,0,0.9507628,0.9507628,0.049237154
1,1,0.9159837,0.08401636,0.9159837
1,0,0.87954515,0.87954515,0.120454885
0,0,0.7630455,0.7630455,0.23695453
0,0,0.99594325,0.99594325,0.004056734
0,0,0.90187013,0.90187013,0.098129824
0,0,0.746769,0.746769,0.253231
0,0,0.95747524,0.95747524,0.042524736
1,1,0.5789797,0.4210203,0.5789797
1,1,0.9655467,0.03445329,0.9655467
0,0,0.99929523,0.99929523,0.0007047326
0,0,0.99928504,0.99928504,0.0007149694
0,0,0.99931633,0.99931633,0.00068363914
0,0,0.9992932,0.9992932,0.000706748
0,1,0.6399168,0.36008325,0.6399168
0,0,0.999385,0.999385,0.0006150098
0,0,0.99828726,0.99828726,0.0017126667
0,0,0.973669,0.973669,0.026331002
0,0,0.99931157,0.99931157,0.0006884332
0,0,0.99935514,0.99935514,0.0006448578
0,0,0.99938095,0.99938095,0.0006190836
0,1,0.6371308,0.3628692,0.6371308
0,0,0.9892674,0.9892674,0.010732586
0,0,0.99929976,0.99929976,0.0007002455
0,0,0.9347297,0.9347297,0.065270364
0,0,0.6279225,0.6279225,0.37207752
0,0,0.9992362,0.9992362,0.0007637703
0,0,0.9696916,0.9696916,0.030308453
1,1,0.9085078,0.091492146,0.9085078
0,0,0.79402524,0.79402524,0.20597483
1,0,0.98215693,0.98215693,0.017843105
0,0,0.5270157,0.5270157,0.47298425
0,0,0.99930584,0.99930584,0.00069412624
0,0,0.99800056,0.99800056,0.001999375
1,0,0.78683025,0.78683025,0.21316977
0,0,0.9993518,0.9993518,0.0006481758
0,0,0.8378631,0.8378631,0.16213697
0,0,0.9937715,0.9937715,0.006228454
0,0,0.96545035,0.96545035,0.034549583
0,0,0.9992149,0.9992149,0.000785135
0,0,0.99925727,0.99925727,0.0007427152
0,0,0.97056615,0.97056615,0.029433833
0,0,0.9993223,0.9993223,0.0006777614
0,0,0.99934584,0.99934584,0.00065418734
0,0,0.99847394,0.99847394,0.001526075
0,0,0.9955721,0.9955721,0.004427926
0,0,0.999308,0.999308,0.00069203274
0,0,0.96559185,0.96559185,0.03440813
1,0,0.6187083,0.6187083,0.38129175
0,0,0.99933165,0.99933165,0.00066837424
0,0,0.9201534,0.9201534,0.07984663
0,0,0.92082804,0.92082804,0.07917195
0,0,0.99919313,0.99919313,0.00080685824
0,0,0.99936646,0.99936646,0.00063357665
0,0,0.99933654,0.99933654,0.0006634039
0,0,0.5756967,0.5756967,0.42430332
1,1,0.591886,0.408114,0.591886
0,0,0.99863404,0.99863404,0.0013659494
0,0,0.6640301,0.6640301,0.33596998
1,0,0.5820472,0.5820472,0.41795275
0,0,0.9925788,0.9925788,0.0074211936
0,0,0.99935263,0.99935263,0.0006473075
0,0,0.6942364,0.6942364,0.30576366
0,0,0.93609107,0.93609107,0.063908935
0,0,0.59039104,0.59039104,0.409609
0,0,0.98327106,0.98327106,0.016728954
0,1,0.5647246,0.43527535,0.5647246
0,0,0.9991936,0.9991936,0.00080644095
0,0,0.99938536,0.99938536,0.0006146025
0,0,0.9319159,0.9319159,0.06808409
0,0,0.99792874,0.99792874,0.002071199
0,0,0.99937916,0.99937916,0.00062085025
0,0,0.99928397,0.99928397,0.000716083
0,0,0.9377109,0.9377109,0.062289063
1,1,0.77707684,0.22292316,0.77707684
0,0,0.84870666,0.84870666,0.15129334
1,0,0.5725757,0.5725757,0.42742437
1,0,0.7933973,0.7933973,0.20660271
1,0,0.9068193,0.9068193,0.09318077
0,0,0.99927145,0.99927145,0.0007285391
1,0,0.6832388,0.6832388,0.31676123
1,1,0.78499186,0.21500821,0.78499186
0,0,0.9340147,0.9340147,0.06598537
0,0,0.9450479,0.9450479,0.05495207
0,0,0.99859387,0.99859387,0.00140613
1,1,0.9670445,0.032955486,0.9670445
0,0,0.75324553,0.75324553,0.2467545
0,0,0.9993197,0.9993197,0.00068029005
0,0,0.89594257,0.89594257,0.104057424
0,0,0.999127,0.999127,0.0008730777
1,0,0.59093,0.59093,0.40907001
0,0,0.99117845,0.99117845,0.008821488
0,1,0.7803072,0.21969283,0.7803072
0,0,0.9337828,0.9337828,0.06621716
1,1,0.9866894,0.013310662,0.9866894
1,1,0.68991417,0.3100858,0.68991417
0,0,0.8377867,0.8377867,0.16221333
0,0,0.9975171,0.9975171,0.0024829071
0,0,0.9993216,0.9993216,0.0006784002
0,0,0.99933344,0.99933344,0.0006665206
0,0,0.76276237,0.76276237,0.23723766
0,0,0.99934953,0.99934953,0.00065043423
0,0,0.9985812,0.9985812,0.0014188219
0,0,0.8459436,0.8459436,0.1540564
0,0,0.9991922,0.9991922,0.00080786925
0,0,0.8591074,0.8591074,0.14089261
0,0,0.99893945,0.99893945,0.0010605727
0,0,0.999338,0.999338,0.00066203874
0,0,0.9989882,0.9989882,0.0010117897
0,0,0.9988262,0.9988262,0.0011738084
0,0,0.96921766,0.96921766,0.030782372
0,0,0.806435,0.806435,0.19356494
0,0,0.9440726,0.9440726,0.055927385
0,0,0.62491316,0.62491316,0.37508684
0,0,0.9992466,0.9992466,0.0007534649
0,0,0.9958878,0.9958878,0.0041122367
0,0,0.9987778,0.9987778,0.0012222248
0,0,0.9799269,0.9799269,0.020073099
0,0,0.6980226,0.6980226,0.3019774
0,0,0.95500076,0.95500076,0.044999313
0,0,0.9991122,0.9991122,0.00088778633
0,0,0.99921906,0.99921906,0.00078092655
0,0,0.82244915,0.82244915,0.17755087
1,0,0.57589316,0.57589316,0.42410687
0,0,0.9989236,0.9989236,0.0010764208
0,0,0.998906,0.998906,0.0010939759
0,0,0.9993642,0.9993642,0.0006358057
0,0,0.971307,0.971307,0.028693061
0,0,0.7733462,0.7733462,0.22665386
0,0,0.99938977,0.99938977,0.00061019935
0,0,0.9992894,0.9992894,0.0007105813
0,0,0.7359446,0.7359446,0.2640554
0,0,0.9993717,0.9993717,0.00062826765
0,0,0.999343,0.999343,0.00065705756
0,0,0.99893767,0.99893767,0.0010622988
0,0,0.9747819,0.9747819,0.025218096
0,0,0.959913,0.959913,0.040086992
0,0,0.999348,0.999348,0.00065200665
0,0,0.9992449,0.9992449,0.00075514155
0,0,0.99766076,0.99766076,0.002339212
0,0,0.99935,0.99935,0.0006499784
0,0,0.96920717,0.96920717,0.030792901
0,0,0.999255,0.999255,0.00074501237
0,0,0.99793684,0.99793684,0.0020631943
0,0,0.95148546,0.95148546,0.04851458
0,0,0.97674304,0.97674304,0.023256987
0,0,0.9871896,0.9871896,0.012810446
0,0,0.99917406,0.99917406,0.0008259656
0,0,0.97798735,0.97798735,0.022012733
1,1,0.84320796,0.15679206,0.84320796
1,1,0.8832591,0.11674085,0.8832591
0,0,0.9861351,0.9861351,0.013864861
1,1,0.629916,0.37008402,0.629916
0,0,0.99932873,0.99932873,0.00067132554
0,0,0.91495633,0.91495633,0.085043654
0,0,0.99927634,0.99927634,0.00072367245
0,0,0.9993216,0.9993216,0.0006784228
0,0,0.98878795,0.98878795,0.011212088
0,0,0.9572909,0.9572909,0.042709064
0,0,0.99923694,0.99923694,0.00076310465
0,0,0.9968696,0.9968696,0.003130415
1,1,0.8012013,0.19879875,0.8012013
1,0,0.650116,0.650116,0.349884
0,0,0.99933976,0.99933976,0.00066021807
0,0,0.9992816,0.9992816,0.0007184487
0,0,0.999338,0.999338,0.0006619771
0,1,0.80800843,0.19199157,0.80800843
1,1,0.8162847,0.18371524,0.8162847
0,0,0.8609539,0.8609539,0.13904609
1,1,0.6902173,0.30978268,0.6902173
0,0,0.9516867,0.9516867,0.048313342
0,0,0.9993155,0.9993155,0.00068452326
0,0,0.6729637,0.6729637,0.3270363
0,0,0.9839012,0.9839012,0.016098749
0,0,0.89406276,0.89406276,0.105937235
1,1,0.71164346,0.28835657,0.71164346
0,0,0.5202983,0.5202983,0.47970167
0,0,0.99934465,0.99934465,0.0006553668
1,0,0.9043876,0.9043876,0.09561245
0,0,0.97379386,0.97379386,0.026206156
0,0,0.7654705,0.7654705,0.23452954
0,0,0.9424459,0.9424459,0.057554077
0,0,0.82388043,0.82388043,0.17611961
0,0,0.99933594,0.99933594,0.00066405605
0,0,0.98520315,0.98520315,0.014796781
0,0,0.999308,0.999308,0.0006920647
0,0,0.9993364,0.9993364,0.0006636006
0,0,0.9992449,0.9992449,0.0007550576
0,0,0.9993073,0.9993073,0.00069269515
1,0,0.9741226,0.9741226,0.025877431
0,0,0.75771254,0.75771254,0.24228744
0,0,0.99930716,0.99930716,0.0006927892
0,0,0.99565965,0.99565965,0.0043402794
0,0,0.99926454,0.99926454,0.0007354765
0,0,0.9968988,0.9968988,0.003101264
0,1,0.6960149,0.30398515,0.6960149
0,0,0.9188661,0.9188661,0.08113387
0,0,0.95638674,0.95638674,0.043613277
0,0,0.90785646,0.90785646,0.09214358
0,0,0.9982938,0.9982938,0.0017061463
0,0,0.95014244,0.95014244,0.049857542
0,0,0.9992163,0.9992163,0.0007836834
0,0,0.99186057,0.99186057,0.008139407
0,0,0.9562155,0.9562155,0.04378454
0,0,0.94324344,0.94324344,0.056756634
0,0,0.99935716,0.99935716,0.00064281444
0,0,0.99567515,0.99567515,0.004324867
0,0,0.9956793,0.9956793,0.004320721
0,0,0.99930286,0.99930286,0.00069715193
0,0,0.97941476,0.97941476,0.020585302
0,0,0.99937916,0.99937916,0.0006208722
0,0,0.9426846,0.9426846,0.05731538
1,0,0.95224696,0.95224696,0.047753066
1,1,0.6628377,0.33716232,0.6628377
0,0,0.9992574,0.9992574,0.00074260234
0,0,0.989456,0.989456,0.010543949
0,0,0.9993463,0.9993463,0.00065363984
0,0,0.9993007,0.9993007,0.0006992359
0,0,0.98294914,0.98294914,0.017050864
0,1,0.53946054,0.46053943,0.53946054
0,0,0.70810896,0.70810896,0.29189104
0,0,0.9813712,0.9813712,0.018628739
1,1,0.9314445,0.06855549,0.9314445
0,0,0.9958419,0.9958419,0.0041581113
0,0,0.735696,0.735696,0.264304
0,1,0.6066788,0.39332128,0.6066788
0,0,0.9993192,0.9993192,0.0006808609
0,0,0.96518165,0.96518165,0.03481832
0,0,0.99928755,0.99928755,0.0007125
0,0,0.9992513,0.9992513,0.0007486484
0,0,0.99901974,0.99901974,0.0009802221
0,0,0.99931765,0.99931765,0.00068241643
0,0,0.99930954,0.99930954,0.0006905191
0,0,0.999281,0.999281,0.0007190014
0,0,0.781737,0.781737,0.21826299
0,0,0.99935156,0.99935156,0.0006484637
0,0,0.9754087,0.9754087,0.024591325
1,0,0.95451164,0.95451164,0.04548837
0,0,0.61960477,0.61960477,0.3803952
0,0,0.99165714,0.99165714,0.008342944
0,0,0.96600604,0.96600604,0.033993952
1,1,0.8559178,0.14408225,0.8559178
0,0,0.9921314,0.9921314,0.007868629
0,0,0.9733096,0.9733096,0.026690437
0,0,0.99880266,0.99880266,0.0011973333
0,0,0.9506969,0.9506969,0.049303163
0,0,0.97103304,0.97103304,0.028966961
0,0,0.82965255,0.82965255,0.17034745
0,0,0.9963284,0.9963284,0.003671567
0,0,0.88315916,0.88315916,0.11684086
1,0,0.96886116,0.96886116,0.031138899
0,0,0.99930096,0.99930096,0.00069907337
0,0,0.99917233,0.99917233,0.0008277581
0,0,0.99932766,0.99932766,0.00067237177
0,0,0.97527957,0.97527957,0.024720397
0,0,0.88069254,0.88069254,0.11930742
0,0,0.756301,0.756301,0.24369898
0,1,0.5230803,0.47691968,0.5230803
1,1,0.9640701,0.03592995,0.9640701
0,0,0.9863708,0.9863708,0.01362927
0,0,0.9993616,0.9993616,0.000638413
0,0,0.81583613,0.81583613,0.18416393
0,0,0.99934155,0.99934155,0.0006584812
0,0,0.95670134,0.95670134,0.04329868
0,0,0.9991093,0.9991093,0.0008906195
0,0,0.9978508,0.9978508,0.0021492909
0,0,0.99924374,0.99924374,0.0007562916
0,0,0.99923444,0.99923444,0.00076561916
0,0,0.9984794,0.9984794,0.0015205505
0,0,0.987248,0.987248,0.012751946
0,0,0.75434333,0.75434333,0.24565665
0,0,0.91977537,0.91977537,0.08022467
0,0,0.85639495,0.85639495,0.14360507
0,0,0.99929416,0.99929416,0.00070578215
1,1,0.73368496,0.26631507,0.73368496
0,0,0.9555883,0.9555883,0.044411674
0,0,0.66242254,0.66242254,0.33757743
1,1,0.95169693,0.04830307,0.95169693
0,0,0.9993641,0.9993641,0.0006358844
0,0,0.9912197,0.9912197,0.008780253
0,0,0.999079,0.999079,0.0009210221
0,0,0.92327744,0.92327744,0.07672252
0,1,0.67651445,0.32348555,0.67651445
0,0,0.8175477,0.8175477,0.1824524
0,0,0.9954711,0.9954711,0.004528842
0,0,0.9040903,0.9040903,0.09590974
0,0,0.9993017,0.9993017,0.0006983582
0,0,0.74669725,0.74669725,0.25330275
0,0,0.9993237,0.9993237,0.0006762533
0,0,0.9993773,0.9993773,0.00062271283
0,0,0.99921024,0.99921024,0.00078974676
0,0,0.9993856,0.9993856,0.00061443687
1,1,0.96900314,0.03099679,0.96900314
0,0,0.99924123,0.99924123,0.00075874676
1,1,0.6321889,0.36781105,0.6321889
0,0,0.89677286,0.89677286,0.103227176
0,0,0.91251975,0.91251975,0.08748028
1,1,0.797025,0.20297499,0.797025
0,0,0.990633,0.990633,0.009367025
0,0,0.9993493,0.9993493,0.0006506931
0,0,0.78361684,0.78361684,0.21638319
0,0,0.9912527,0.9912527,0.008747248
0,0,0.99928975,0.99928975,0.0007102679
0,0,0.8546859,0.8546859,0.14531411
0,0,0.9759167,0.9759167,0.02408328
0,0,0.99131036,0.99131036,0.008689695
0,0,0.9993123,0.9993123,0.00068770663
1,1,0.8730938,0.12690628,0.8730938
1,1,0.5458459,0.45415404,0.5458459
1,0,0.8693649,0.8693649,0.13063513
1,1,0.82141066,0.1785893,0.82141066
0,0,0.9973585,0.9973585,0.0026415158
0,0,0.9614757,0.9614757,0.03852436
0,0,0.9988412,0.9988412,0.0011587682
0,1,0.6282439,0.37175608,0.6282439
0,0,0.9663191,0.9663191,0.033680957
0,0,0.5686837,0.5686837,0.43131632
0,0,0.55265117,0.55265117,0.44734883
1,0,0.72441405,0.72441405,0.27558598
0,1,0.58659583,0.4134042,0.58659583
0,0,0.9488099,0.9488099,0.051190022
1,0,0.9380213,0.9380213,0.061978754
0,0,0.99930906,0.99930906,0.0006909859
0,0,0.9990049,0.9990049,0.0009951153
0,0,0.9993019,0.9993019,0.0006981053
0,0,0.9655672,0.9655672,0.034432873
1,0,0.64661765,0.64661765,0.35338232
0,0,0.99754626,0.99754626,0.002453685
0,0,0.93846035,0.93846035,0.061539598
1,1,0.84239894,0.15760101,0.84239894
0,0,0.6303102,0.6303102,0.36968982
0,0,0.9993672,0.9993672,0.00063287176
0,0,0.8847408,0.8847408,0.115259185
0,0,0.9987494,0.9987494,0.0012505775
0,0,0.6445919,0.6445919,0.35540807
1,1,0.83883804,0.16116196,0.83883804
0,0,0.9993309,0.9993309,0.00066918496
1,1,0.75385654,0.24614349,0.75385654
0,0,0.9968079,0.9968079,0.0031920963
0,0,0.9993344,0.9993344,0.0006656065
0,0,0.91405517,0.91405517,0.085944794
0,1,0.7805727,0.21942727,0.7805727
1,0,0.94206345,0.94206345,0.05793655
0,0,0.99914896,0.99914896,0.000851014
0,0,0.99926764,0.99926764,0.00073240144
0,0,0.99938595,0.99938595,0.0006140589
0,0,0.9992663,0.9992663,0.0007337193
0,0,0.9504862,0.9504862,0.049513828
0,0,0.99837506,0.99837506,0.001624968
0,1,0.64831287,0.35168713,0.64831287
0,0,0.9989557,0.9989557,0.0010442078
1,0,0.80134857,0.80134857,0.19865143
0,0,0.9992035,0.9992035,0.000796503
0,0,0.9992931,0.9992931,0.0007069198
0,0,0.9671773,0.9671773,0.032822724
1,0,0.60600615,0.60600615,0.39399385
0,1,0.7769816,0.22301842,0.7769816
0,0,0.5396468,0.5396468,0.46035317
1,1,0.8186095,0.18139054,0.8186095
0,0,0.9991954,0.9991954,0.0008046363
0,0,0.80353415,0.80353415,0.19646586
0,0,0.9992273,0.9992273,0.0007727009
1,0,0.7789259,0.7789259,0.22107409
0,0,0.99934524,0.99934524,0.00065476465
0,0,0.99813026,0.99813026,0.0018697182
0,0,0.8776057,0.8776057,0.12239437
0,0,0.9879375,0.9879375,0.012062458
0,0,0.96913403,0.96913403,0.030865924
0,0,0.9993235,0.9993235,0.0006765156
1,0,0.59895813,0.59895813,0.40104187
0,0,0.8875532,0.8875532,0.11244676
1,1,0.9879375,0.012062453,0.9879375
1,0,0.68769926,0.68769926,0.31230068
0,0,0.9993374,0.9993374,0.0006625787
0,0,0.9993581,0.9993581,0.0006418968
0,0,0.95417863,0.95417863,0.045821343
0,0,0.9990983,0.9990983,0.0009017294
0,0,0.7534531,0.7534531,0.24654692
0,0,0.9495866,0.9495866,0.050413363
0,0,0.99903214,0.99903214,0.00096785516
0,0,0.99863106,0.99863106,0.0013689618
0,0,0.93756175,0.93756175,0.062438194
0,0,0.99900514,0.99900514,0.0009948413
1,1,0.6942222,0.3057778,0.6942222
0,0,0.99926966,0.99926966,0.0007303627
0,0,0.9991775,0.9991775,0.0008225071
0,0,0.9990074,0.9990074,0.0009925775
1,0,0.95004636,0.95004636,0.049953684
0,0,0.9993661,0.9993661,0.00063392695
0,0,0.9988502,0.9988502,0.0011497851
0,0,0.95174575,0.95174575,0.048254304
1,1,0.8026185,0.19738148,0.8026185
0,0,0.99876416,0.99876416,0.0012358298
0,0,0.9992428,0.9992428,0.000757233
0,0,0.96706575,0.96706575,0.032934226
0,0,0.9988739,0.9988739,0.0011260965
0,0,0.6987084,0.6987084,0.30129156
0,0,0.9960322,0.9960322,0.0039678044
1,1,0.6951457,0.30485424,0.6951457
0,0,0.9990276,0.9990276,0.00097243045
1,1,0.9853939,0.014606087,0.9853939
0,0,0.9993716,0.9993716,0.00062846625
0,0,0.99638414,0.99638414,0.0036158052
0,0,0.9992933,0.9992933,0.0007066076
0,0,0.9985347,0.9985347,0.0014653249
0,0,0.9993418,0.9993418,0.0006581656
0,0,0.99882907,0.99882907,0.0011709237
0,0,0.9992318,0.9992318,0.0007682099
0,0,0.71588314,0.71588314,0.28411686
1,1,0.6706504,0.3293496,0.6706504
0,0,0.99887556,0.99887556,0.0011244114
1,0,0.95730376,0.95730376,0.042696234
0,0,0.99938023,0.99938023,0.00061977253
0,0,0.8887592,0.8887592,0.111240834
0,0,0.99566984,0.99566984,0.0043301573
1,1,0.7857492,0.21425079,0.7857492
0,0,0.53014386,0.53014386,0.46985614
0,0,0.99871314,0.99871314,0.001286817
0,0,0.9991104,0.9991104,0.0008895823
0,0,0.7319647,0.7319647,0.2680353
1,1,0.87786615,0.1221338,0.87786615
0,0,0.9993388,0.9993388,0.0006611569
1,1,0.9688476,0.031152446,0.9688476
0,0,0.9993222,0.9993222,0.00067788834
0,0,0.9993567,0.9993567,0.0006432609
0,0,0.99653983,0.99653983,0.0034601695
0,0,0.9993766,0.9993766,0.0006233969
0,0,0.9992812,0.9992812,0.00071878463
0,1,0.5278975,0.47210246,0.5278975
0,0,0.93236226,0.93236226,0.06763776
0,0,0.96881706,0.96881706,0.031182932
0,1,0.6437408,0.35625923,0.6437408
0,0,0.9858687,0.9858687,0.014131327
0,0,0.98001087,0.98001087,0.019989064
0,0,0.9992489,0.9992489,0.0007510186
1,1,0.526947,0.47305298,0.526947
1,0,0.8532811,0.8532811,0.14671896
0,0,0.97667015,0.97667015,0.023329835
0,0,0.99933344,0.99933344,0.00066648884
0,0,0.9567866,0.9567866,0.04321344
0,0,0.9732122,0.9732122,0.02678784
0,0,0.9993507,0.9993507,0.0006493145
0,0,0.9984073,0.9984073,0.0015927464
0,0,0.96164465,0.96164465,0.038355377
1,1,0.6903285,0.30967152,0.6903285
0,1,0.57326674,0.4267332,0.57326674
0,0,0.9993766,0.9993766,0.0006233886
0,0,0.99830306,0.99830306,0.0016969604
0,0,0.96575123,0.96575123,0.034248713
0,0,0.96970123,0.96970123,0.030298764
0,0,0.994466,0.994466,0.0055339704
0,0,0.9102084,0.9102084,0.08979165
0,0,0.9993926,0.9993926,0.00060733827
0,0,0.99929214,0.99929214,0.000707871
0,0,0.91207933,0.91207933,0.08792071
1,0,0.8575826,0.8575826,0.14241745
0,0,0.9992508,0.9992508,0.00074914156
0,0,0.9911651,0.9911651,0.008834886
0,0,0.89156455,0.89156455,0.10843546
1,1,0.64543617,0.35456383,0.64543617
1,0,0.9344805,0.9344805,0.065519504
0,1,0.6849218,0.3150782,0.6849218
0,0,0.9987692,0.9987692,0.001230744
0,0,0.9984072,0.9984072,0.0015928677
0,0,0.7911242,0.7911242,0.20887578
0,0,0.9992568,0.9992568,0.0007432027
0,0,0.92634386,0.92634386,0.073656075
0,0,0.9988695,0.9988695,0.0011305221
0,0,0.99918395,0.99918395,0.0008159831
0,0,0.9908471,0.9908471,0.009152902
0,0,0.9272951,0.9272951,0.07270491
0,0,0.9194534,0.9194534,0.08054662
0,0,0.8982231,0.8982231,0.10177686
0,0,0.9992773,0.9992773,0.00072270347
0,0,0.99303496,0.99303496,0.0069650784
0,0,0.9984242,0.9984242,0.0015758459
0,0,0.99814785,0.99814785,0.0018521362
0,0,0.976997,0.976997,0.023002958
0,0,0.9812738,0.9812738,0.018726312
0,0,0.99789894,0.99789894,0.0021010002
0,0,0.9962627,0.9962627,0.0037373106
0,0,0.9992286,0.9992286,0.0007714054
0,0,0.99938154,0.99938154,0.00061841134
0,0,0.9991061,0.9991061,0.0008938816
0,0,0.75771624,0.75771624,0.24228384
0,0,0.9603168,0.9603168,0.039683226
0,0,0.9253093,0.9253093,0.07469073
0,0,0.9993476,0.9993476,0.00065236376
1,1,0.94049966,0.059500307,0.94049966
0,0,0.99861944,0.99861944,0.001380596
0,0,0.99704486,0.99704486,0.0029551282
1,0,0.8034483,0.8034483,0.19655171
0,0,0.99863976,0.99863976,0.0013602243
0,0,0.84859264,0.84859264,0.15140736
0,0,0.9993191,0.9993191,0.000680976
0,0,0.86034393,0.86034393,0.13965608
0,0,0.8060589,0.8060589,0.19394116
0,0,0.9648292,0.9648292,0.03517083
0,0,0.9992969,0.9992969,0.0007030888
0,0,0.9993418,0.9993418,0.0006581675
0,0,0.97265214,0.97265214,0.027347937
1,0,0.6411049,0.6411049,0.35889512
0,0,0.9993274,0.9993274,0.0006726306
0,0,0.9993537,0.9993537,0.0006462981
0,0,0.9879682,0.9879682,0.012031772
1,0,0.8065364,0.8065364,0.19346364
0,0,0.9993418,0.9993418,0.0006582158
0,0,0.99892384,0.99892384,0.0010761834
0,0,0.6616997,0.6616997,0.33830026
0,0,0.8022834,0.8022834,0.19771655
0,0,0.94341445,0.94341445,0.0565856
1,1,0.9896381,0.010361867,0.9896381
0,0,0.9517149,0.9517149,0.048285097
1,1,0.9253538,0.07464619,0.9253538
0,0,0.934184,0.934184,0.065815955
0,0,0.9625625,0.9625625,0.037437454
0,0,0.9993476,0.9993476,0.0006523727
0,0,0.95591867,0.95591867,0.04408136
0,0,0.9993748,0.9993748,0.0006252654
1,1,0.7669834,0.23301661,0.7669834
1,1,0.92924154,0.070758455,0.92924154
0,0,0.94719607,0.94719607,0.052803982
0,0,0.973334,0.973334,0.02666603
0,0,0.9993556,0.9993556,0.00064443325
0,0,0.85407686,0.85407686,0.14592315
0,0,0.8606284,0.8606284,0.13937162
0,0,0.9498258,0.9498258,0.050174218
1,0,0.86835,0.86835,0.13164994
0,0,0.99718446,0.99718446,0.0028154922
0,0,0.9766912,0.9766912,0.023308808
0,0,0.7213662,0.7213662,0.2786337
0,0,0.9438602,0.9438602,0.056139823
0,0,0.99697256,0.99697256,0.0030273702
1,0,0.997347,0.997347,0.0026529736
0,0,0.9990408,0.9990408,0.000959182
1,0,0.5894222,0.5894222,0.41057774
0,0,0.9992637,0.9992637,0.00073633634
0,0,0.9993319,0.9993319,0.0006680911
0,0,0.98853403,0.98853403,0.011465948
0,0,0.9988024,0.9988024,0.0011975402
0,0,0.9991628,0.9991628,0.0008371932
0,0,0.56472623,0.56472623,0.43527383
0,1,0.6476743,0.35232562,0.6476743
0,0,0.9736979,0.9736979,0.026302157
0,0,0.9832811,0.9832811,0.01671887
0,0,0.9993579,0.9993579,0.0006421541
1,0,0.7876222,0.7876222,0.21237776
0,0,0.92684245,0.92684245,0.07315761
0,1,0.60845256,0.3915474,0.60845256
0,0,0.96594405,0.96594405,0.034055926
0,0,0.9992449,0.9992449,0.0007550558
0,0,0.99915206,0.99915206,0.0008479503
0,0,0.9384328,0.9384328,0.061567172
1,1,0.97968286,0.020317122,0.97968286
0,1,0.5500137,0.44998628,0.5500137
0,0,0.96950465,0.96950465,0.030495374
1,0,0.64750665,0.64750665,0.35249338
0,0,0.9992644,0.9992644,0.00073563354
0,0,0.9158937,0.9158937,0.08410632
1,0,0.9614022,0.9614022,0.038597856
0,0,0.9784259,0.9784259,0.021574117
0,0,0.9992731,0.9992731,0.0007269256
0,0,0.999363,0.999363,0.000636962
0,0,0.99934644,0.99934644,0.00065351464
0,0,0.9992472,0.9992472,0.0007528731
0,0,0.5259071,0.5259071,0.4740929
0,0,0.9002538,0.9002538,0.099746175
0,0,0.8791235,0.8791235,0.12087651
0,0,0.9993831,0.9993831,0.0006169049
0,0,0.99921906,0.99921906,0.0007808927
1,1,0.8723026,0.1276974,0.8723026
0,0,0.9991628,0.9991628,0.0008371809
0,0,0.96883875,0.96883875,0.03116122
0,0,0.9972619,0.9972619,0.0027380667
0,0,0.9992205,0.9992205,0.00077951205
0,0,0.9991787,0.9991787,0.00082127005
0,0,0.99887913,0.99887913,0.0011208267
1,1,0.99197024,0.008029841,0.99197024
0,0,0.99903905,0.99903905,0.00096095644
0,0,0.8780453,0.8780453,0.121954694
0,0,0.9160219,0.9160219,0.08397805
0,0,0.9987134,0.9987134,0.0012866663
0,0,0.91893625,0.91893625,0.08106375
0,0,0.9985902,0.9985902,0.0014098154
0,0,0.9693737,0.9693737,0.030626357
0,0,0.99931645,0.99931645,0.00068353105
1,1,0.83457494,0.16542505,0.83457494
0,0,0.99911886,0.99911886,0.00088110013
0,0,0.99364036,0.99364036,0.0063596494
1,1,0.556812,0.44318795,0.556812
0,0,0.99394155,0.99394155,0.0060585383
0,0,0.9713288,0.9713288,0.028671263
0,0,0.998672,0.998672,0.0013280091
0,0,0.9993826,0.9993826,0.00061736186
0,0,0.99877685,0.99877685,0.0012230852
0,0,0.9991979,0.9991979,0.0008020993
0,1,0.67819375,0.3218063,0.67819375
0,0,0.95447534,0.95447534,0.045524653
0,0,0.99937195,0.99937195,0.0006280575
0,0,0.9854196,0.9854196,0.014580456
0,0,0.9991817,0.9991817,0.00081830553
0,0,0.99918693,0.99918693,0.0008130876
1,1,0.5851082,0.41489178,0.5851082
0,0,0.99844044,0.99844044,0.0015595328
0,0,0.9979505,0.9979505,0.002049532
0,0,0.9981464,0.9981464,0.0018535921
0,0,0.918946,0.918946,0.08105402
0,0,0.89849347,0.89849347,0.10150653
1,0,0.9321104,0.9321104,0.06788957
0,0,0.9969963,0.9969963,0.0030037288
0,0,0.9993493,0.9993493,0.0006507406
0,0,0.9989793,0.9989793,0.001020721
0,0,0.5931142,0.5931142,0.4068858
0,0,0.9965767,0.9965767,0.003423293
0,0,0.87388104,0.87388104,0.12611897
0,0,0.9992249,0.9992249,0.000775151
0,0,0.862919,0.862919,0.13708101
0,0,0.9783025,0.9783025,0.021697592
0,0,0.88141024,0.88141024,0.118589774
0,1,0.7061502,0.29384983,0.7061502
0,0,0.9991732,0.9991732,0.00082673057
0,0,0.977366,0.977366,0.022634085
0,1,0.8585932,0.14140679,0.8585932
0,0,0.99928826,0.99928826,0.00071181764
0,0,0.79761297,0.79761297,0.20238703
0,0,0.999191,0.999191,0.0008090148
0,0,0.99932957,0.99932957,0.0006704348
0,0,0.8578508,0.8578508,0.14214925
0,0,0.9982097,0.9982097,0.001790258
0,0,0.99938023,0.99938023,0.00061977253
0,0,0.9989838,0.9989838,0.001016123
0,0,0.9991273,0.9991273,0.0008727334
0,0,0.89550126,0.89550126,0.10449873
0,0,0.96649677,0.96649677,0.03350327
0,0,0.99889344,0.99889344,0.0011066224
0,0,0.5218204,0.5218204,0.47817954
0,0,0.9991984,0.9991984,0.0008016409
0,0,0.9993357,0.9993357,0.0006643058
1,1,0.77561355,0.22438642,0.77561355
0,0,0.9992969,0.9992969,0.00070311193
0,0,0.92043185,0.92043185,0.07956817
0,0,0.83353436,0.83353436,0.16646567
0,0,0.99933785,0.99933785,0.0006620696
1,0,0.6394039,0.6394039,0.3605961
1,1,0.9463168,0.053683173,0.9463168
0,0,0.95219254,0.95219254,0.047807477
0,0,0.9993418,0.9993418,0.0006582067
0,0,0.67631555,0.67631555,0.32368442
0,0,0.99935347,0.99935347,0.000646581
0,1,0.61660486,0.3833951,0.61660486
0,0,0.9381871,0.9381871,0.06181281
0,0,0.9718338,0.9718338,0.028166227
0,0,0.99890673,0.99890673,0.0010933226
0,0,0.98481005,0.98481005,0.01518997
0,0,0.99918026,0.99918026,0.00081973366
0,0,0.9992612,0.9992612,0.0007387766
0,0,0.9993574,0.9993574,0.00064254337
0,0,0.9854548,0.9854548,0.014545269
0,0,0.9552478,0.9552478,0.04475215
0,0,0.9953709,0.9953709,0.004629121
0,0,0.9987036,0.9987036,0.0012963525
0,0,0.9993907,0.9993907,0.00060931017
0,0,0.9993148,0.9993148,0.0006851968
0,0,0.97834694,0.97834694,0.02165308
0,0,0.9918812,0.9918812,0.008118792
0,0,0.999206,0.999206,0.0007939762
0,0,0.82033247,0.82033247,0.1796675
0,0,0.99928707,0.99928707,0.0007129813
0,0,0.7155437,0.7155437,0.2844563
0,0,0.9992865,0.9992865,0.00071359746
0,1,0.6148528,0.3851472,0.6148528
1,1,0.70509845,0.29490155,0.70509845
0,0,0.9991959,0.9991959,0.00080408744
1,1,0.84884757,0.15115245,0.84884757
0,0,0.99923444,0.99923444,0.00076557056
0,0,0.97646004,0.97646004,0.023539964
0,0,0.6697246,0.6697246,0.3302754
0,0,0.95596683,0.95596683,0.04403314
1,1,0.9652244,0.034775544,0.9652244
0,0,0.9967398,0.9967398,0.00326025
0,0,0.8695729,0.8695729,0.13042712
0,0,0.98323476,0.98323476,0.01676523
1,0,0.5051189,0.5051189,0.4948811
0,0,0.90797895,0.90797895,0.092021026
0,0,0.99926645,0.99926645,0.0007335173
0,0,0.99926525,0.99926525,0.0007347248
0,0,0.9992955,0.9992955,0.00070455205
0,0,0.99914265,0.99914265,0.0008573421
1,0,0.73734224,0.73734224,0.26265776
0,0,0.99938524,0.99938524,0.0006147394
0,0,0.9648133,0.9648133,0.035186686
0,0,0.99939156,0.99939156,0.0006083916
0,0,0.9993161,0.9993161,0.0006838939
1,0,0.9707054,0.9707054,0.029294627
0,0,0.9431451,0.9431451,0.056854915
0,0,0.996819,0.996819,0.0031809334
0,0,0.9992964,0.9992964,0.0007035708
1,0,0.737674,0.737674,0.26232603
1,0,0.9767462,0.9767462,0.023253847
0,0,0.9985619,0.9985619,0.0014380949
0,0,0.6497636,0.6497636,0.35023636
0,1,0.51728404,0.482716,0.51728404
1,1,0.91822994,0.08177007,0.91822994
0,0,0.8987707,0.8987707,0.101229265
0,0,0.9975297,0.9975297,0.0024703143
0,0,0.7775613,0.7775613,0.2224387
0,0,0.9989434,0.9989434,0.0010566744
1,1,0.8585033,0.14149676,0.8585033
0,0,0.9973049,0.9973049,0.00269503
0,0,0.9993247,0.9993247,0.0006753877
1,1,0.6912263,0.30877364,0.6912263
1,0,0.9807262,0.9807262,0.019273851
0,0,0.99910945,0.99910945,0.0008904906
0,0,0.9163196,0.9163196,0.08368042
0,0,0.9380859,0.9380859,0.061914053
0,0,0.5727709,0.5727709,0.42722914
0,0,0.877563,0.877563,0.122437015
0,0,0.99934584,0.99934584,0.00065418833
0,0,0.9782129,0.9782129,0.021787096
0,0,0.9615742,0.9615742,0.0384258
1,1,0.9287988,0.07120116,0.9287988
0,0,0.99740976,0.99740976,0.0025902672
0,0,0.99837226,0.99837226,0.0016277955
0,0,0.92505544,0.92505544,0.07494453
0,0,0.9945523,0.9945523,0.0054476573
0,0,0.8721182,0.8721182,0.1278819
0,0,0.9993179,0.9993179,0.0006821521
1,0,0.9872897,0.9872897,0.012710293
0,0,0.99916065,0.99916065,0.00083942077
0,0,0.9989537,0.9989537,0.0010462712
0,0,0.99932003,0.99932003,0.00067994074
0,0,0.96667707,0.96667707,0.033322897
0,0,0.50081897,0.50081897,0.49918097
0,0,0.9991027,0.9991027,0.00089728157
0,0,0.95323193,0.95323193,0.04676806
0,0,0.9992817,0.9992817,0.00071828096
0,0,0.9662684,0.9662684,0.03373155
0,0,0.99904114,0.99904114,0.00095888734
1,0,0.9979133,0.9979133,0.0020866632
0,0,0.9993618,0.9993618,0.00063821353
0,0,0.7755613,0.7755613,0.22443873
0,0,0.9973369,0.9973369,0.0026630468
0,0,0.9614185,0.9614185,0.038581505
0,1,0.7660847,0.23391533,0.7660847
0,0,0.98954564,0.98954564,0.0104543865
0,0,0.9993849,0.9993849,0.00061509246
1,1,0.96702844,0.032971535,0.96702844
0,1,0.50038415,0.49961582,0.50038415
1,1,0.9725303,0.02746966,0.9725303
0,0,0.9988951,0.9988951,0.0011049164
0,0,0.99902904,0.99902904,0.0009709474
0,0,0.99936646,0.99936646,0.00063356216
0,0,0.9963582,0.9963582,0.0036417663
0,1,0.8670993,0.13290067,0.8670993
0,0,0.9993813,0.9993813,0.00061868306
0,0,0.99634176,0.99634176,0.0036582719
0,0,0.99859244,0.99859244,0.0014075903
0,0,0.99856025,0.99856025,0.00143974
0,0,0.8297968,0.8297968,0.17020322
0,0,0.99935895,0.99935895,0.0006410656
0,0,0.8465012,0.8465012,0.15349883
0,0,0.67885125,0.67885125,0.32114878
0,0,0.9767948,0.9767948,0.02320527
0,0,0.64135844,0.64135844,0.3586415
0,0,0.99929786,0.99929786,0.0007021467
0,0,0.9992899,0.9992899,0.0007100742
0,0,0.99909544,0.99909544,0.0009046002
0,0,0.9844327,0.9844327,0.015567284
0,0,0.92301637,0.92301637,0.07698363
0,0,0.9990908,0.9990908,0.00090924394
0,0,0.999361,0.999361,0.00063908513
0,0,0.8342974,0.8342974,0.16570258
0,0,0.9977957,0.9977957,0.0022042652
0,0,0.9707329,0.9707329,0.02926707
0,0,0.9245224,0.9245224,0.075477615
0,0,0.9992478,0.9992478,0.00075223873
0,0,0.99765944,0.99765944,0.0023405189
0,0,0.99932754,0.99932754,0.0006724435
0,0,0.979883,0.979883,0.02011698
0,0,0.9993636,0.9993636,0.00063642743
0,0,0.87612045,0.87612045,0.12387951
0,0,0.99937963,0.99937963,0.0006203404
0,0,0.5157925,0.5157925,0.48420745
0,0,0.9993082,0.9993082,0.0006917957
1,1,0.83563906,0.16436088,0.83563906
0,0,0.99932885,0.99932885,0.00067116425
0,0,0.9627784,0.9627784,0.037221674
0,0,0.9993793,0.9993793,0.00062073907
0,0,0.99927217,0.99927217,0.0007278913
1,0,0.88004476,0.88004476,0.11995527
0,0,0.99887556,0.99887556,0.0011243965
0,0,0.9991441,0.9991441,0.0008559129
0,0,0.9216377,0.9216377,0.07836236
1,1,0.81660306,0.18339695,0.81660306
0,0,0.95139027,0.95139027,0.048609708
0,0,0.99932444,0.99932444,0.0006756316
1,1,0.9676435,0.03235645,0.9676435
0,0,0.84188217,0.84188217,0.15811782
0,0,0.9993161,0.9993161,0.00068389135
0,0,0.99927884,0.99927884,0.0007211245
0,0,0.9990134,0.9990134,0.0009865729
0,0,0.99933076,0.99933076,0.0006692831
0,1,0.97726166,0.022738358,0.97726166
0,0,0.99933416,0.99933416,0.0006657797
0,0,0.9987896,0.9987896,0.0012104616
0,0,0.9993119,0.9993119,0.00068809703
0,0,0.9993394,0.9993394,0.0006605416
1,0,0.7800042,0.7800042,0.21999584
0,0,0.7279634,0.7279634,0.2720366
1,1,0.98480713,0.015192895,0.98480713
0,0,0.99918395,0.99918395,0.0008160668
0,0,0.9993622,0.9993622,0.0006378752
0,0,0.94209206,0.94209206,0.057907954
0,0,0.9908358,0.9908358,0.009164213
0,0,0.9992914,0.9992914,0.00070855435
0,0,0.9992668,0.9992668,0.0007332014
0,0,0.99935025,0.99935025,0.0006497115
0,0,0.9919242,0.9919242,0.008075784
0,0,0.99933124,0.99933124,0.0006687664
0,0,0.909265,0.909265,0.09073504
1,1,0.98725104,0.012748981,0.98725104
0,0,0.7857593,0.7857593,0.21424069
0,0,0.9974492,0.9974492,0.0025507547
0,0,0.99730575,0.99730575,0.0026942345
0,0,0.99936694,0.99936694,0.0006330617
0,0,0.9992699,0.9992699,0.00073006004
0,0,0.99826366,0.99826366,0.0017363689
0,0,0.916769,0.916769,0.08323096
0,0,0.9992551,0.9992551,0.00074484723
0,0,0.92940277,0.92940277,0.070597254
0,0,0.9977551,0.9977551,0.0022448653
1,1,0.99204576,0.007954187,0.99204576
0,0,0.9951088,0.9951088,0.004891251
0,0,0.959058,0.959058,0.040941976
0,0,0.9252811,0.9252811,0.07471889
1,1,0.58569336,0.4143067,0.58569336
1,1,0.9309408,0.06905917,0.9309408
0,0,0.99934036,0.99934036,0.00065958034
0,0,0.943722,0.943722,0.056277964
0,0,0.9964322,0.9964322,0.0035677429
1,0,0.5519573,0.5519573,0.4480427
1,1,0.6421467,0.35785332,0.6421467
1,1,0.6729532,0.32704684,0.6729532
0,0,0.99342406,0.99342406,0.0065758955
0,1,0.78000075,0.21999921,0.78000075
0,0,0.97483927,0.97483927,0.025160769
0,0,0.9993104,0.9993104,0.00068968424
0,0,0.9992955,0.9992955,0.0007044831
0,0,0.9711736,0.9711736,0.02882646
1,1,0.6748497,0.32515028,0.6748497
0,0,0.9993017,0.9993017,0.0006983582
1,1,0.90299803,0.09700193,0.90299803
0,0,0.9603622,0.9603622,0.039637882
0,0,0.7463347,0.7463347,0.25366527
0,0,0.63927096,0.63927096,0.36072904
0,0,0.9514434,0.9514434,0.048556577
0,0,0.9914101,0.9914101,0.008589943
0,0,0.99935347,0.99935347,0.00064652786
0,0,0.99089545,0.99089545,0.009104516
0,0,0.99927753,0.99927753,0.00072251377
1,0,0.9624308,0.9624308,0.03756925
0,0,0.99937916,0.99937916,0.0006208722
0,0,0.9988337,0.9988337,0.0011663107
0,0,0.9990969,0.9990969,0.0009031387
0,0,0.999268,0.999268,0.000731951
0,0,0.9754929,0.9754929,0.024507113
0,0,0.95887196,0.95887196,0.041128043
0,0,0.9756953,0.9756953,0.024304703
0,0,0.9605588,0.9605588,0.039441165
0,0,0.9992331,0.9992331,0.0007669386
0,0,0.99935955,0.99935955,0.00064050715
0,0,0.71376306,0.71376306,0.28623694
0,0,0.99938107,0.99938107,0.00061895384
0,0,0.8875973,0.8875973,0.11240263
0,0,0.9993243,0.9993243,0.00067565736
0,0,0.9993783,0.9993783,0.0006215992
0,0,0.99924266,0.99924266,0.00075733307
0,0,0.9803004,0.9803004,0.019699626
0,0,0.99938154,0.99938154,0.0006184638
0,0,0.90468884,0.90468884,0.09531116
1,0,0.5975889,0.5975889,0.4024111
0,0,0.9993086,0.9993086,0.00069138466
0,0,0.9992323,0.9992323,0.00076775986
0,1,0.7002616,0.29973838,0.7002616
0,0,0.94517505,0.94517505,0.05482491
0,0,0.9993173,0.9993173,0.00068275037
0,0,0.99936956,0.99936956,0.0006304071
0,0,0.9124058,0.9124058,0.087594174
0,0,0.99655664,0.99655664,0.0034433636
0,0,0.99935,0.99935,0.00064999174
0,0,0.99241287,0.99241287,0.0075871297
0,0,0.99899036,0.99899036,0.0010096789
0,0,0.9235691,0.9235691,0.076430924
1,1,0.76902413,0.23097591,0.76902413
0,0,0.9993524,0.9993524,0.0006475966
0,0,0.959622,0.959622,0.040377986
0,0,0.9989324,0.9989324,0.0010676109
0,0,0.99920636,0.99920636,0.00079368043
0,0,0.9928023,0.9928023,0.0071977093
0,0,0.8321855,0.8321855,0.16781452
0,0,0.9929259,0.9929259,0.0070740934
0,0,0.9991386,0.9991386,0.00086134044
1,1,0.86163455,0.13836543,0.86163455
0,0,0.98945624,0.98945624,0.010543711
1,1,0.9349305,0.065069534,0.9349305
0,0,0.9985178,0.9985178,0.001482239
0,0,0.99924135,0.99924135,0.0007586549
0,0,0.9993616,0.9993616,0.0006384672
0,0,0.999321,0.999321,0.00067901274
0,0,0.9992318,0.9992318,0.0007682319
0,0,0.94947493,0.94947493,0.050525136
0,0,0.99929595,0.99929595,0.0007040805
1,0,0.9194451,0.9194451,0.08055484
0,0,0.99935216,0.99935216,0.0006478349
0,0,0.93555653,0.93555653,0.06444339
1,1,0.8972633,0.10273671,0.8972633
0,0,0.8566648,0.8566648,0.14333525
1,1,0.9183408,0.08165915,0.9183408
0,0,0.99939096,0.99939096,0.000608974
0,0,0.9993499,0.9993499,0.0006501501
0,0,0.99934465,0.99934465,0.00065537833
0,0,0.7408097,0.7408097,0.25919032
0,0,0.9993298,0.9993298,0.00067019876
0,0,0.9928179,0.9928179,0.007182102
0,0,0.999343,0.999343,0.0006570382
1,0,0.8379248,0.8379248,0.16207528
0,0,0.52568007,0.52568007,0.47431996
0,0,0.9947759,0.9947759,0.005224129
0,0,0.9993309,0.9993309,0.000669192
0,0,0.99913675,0.99913675,0.00086330256
0,0,0.978563,0.978563,0.02143696
0,0,0.9993864,0.9993864,0.00061358185
0,0,0.99935526,0.99935526,0.0006447112
0,0,0.99756783,0.99756783,0.002432104
0,0,0.9988638,0.9988638,0.001136144
0,0,0.9993032,0.9993032,0.0006968022
0,0,0.99834704,0.99834704,0.0016529118
0,1,0.7521635,0.24783652,0.7521635
0,0,0.99740064,0.99740064,0.0025993201
0,0,0.99704057,0.99704057,0.0029594544
0,0,0.998338,0.998338,0.001662049
0,0,0.9993173,0.9993173,0.00068273186
0,0,0.9974324,0.9974324,0.002567559
0,0,0.9993412,0.9993412,0.0006588453
0,0,0.8294225,0.8294225,0.17057756
0,0,0.88690066,0.88690066,0.113099284
0,0,0.99747914,0.99747914,0.0025208797
0,0,0.9338348,0.9338348,0.06616521
0,0,0.9989298,0.9989298,0.0010701963
0,0,0.99930155,0.99930155,0.0006984374
0,0,0.99798125,0.99798125,0.0020187928
1,1,0.9786951,0.021304881,0.9786951
0,0,0.99928135,0.99928135,0.0007186596
0,0,0.99933416,0.99933416,0.00066576694
0,0,0.9993118,0.9993118,0.0006882233
0,0,0.9993498,0.9993498,0.0006502331
0,0,0.7658078,0.7658078,0.23419221
0,0,0.9898552,0.9898552,0.010144805
0,0,0.65670675,0.65670675,0.3432932
